Player,Position,GSIS_ID,Birth_date
Matt Schaub,QB,00-0022787,1981-06-25
Peyton Manning,QB,00-0010346,1976-03-24
Tony Romo,QB,00-0021678,1980-04-21
Aaron Rodgers,QB,00-0023459,1983-12-02
Tom Brady,QB,00-0019596,1977-08-03
Drew Brees,QB,00-0020531,1979-01-15
Ben Roethlisberger,QB,00-0022924,1982-03-02
Philip Rivers,QB,00-0022942,1981-12-08
Brett Favre,QB,00-0005106,1969-10-10
Eli Manning,QB,00-0022803,1981-01-03
Kyle Orton,QB,00-0023541,1982-11-14
Kurt Warner,QB,00-0017200,1971-06-22
Jay Cutler,QB,00-0024226,1983-04-29
Jason Campbell,QB,00-0023460,1981-12-31
Joe Flacco,QB,00-0026158,1985-01-16
David Garrard,QB,00-0021231,1978-02-14
Donovan McNabb,QB,00-0011022,1976-11-25
Carson Palmer,QB,00-0021429,1979-12-27
Matt Hasselbeck,QB,00-0007091,1975-09-25
Matt Cassel,QB,00-0023662,1982-05-17
Matt Ryan,QB,00-0026143,1985-05-17
Chad Henne,QB,00-0026197,1985-07-02
Mark Sanchez,QB,00-0026898,1986-11-11
Alex Smith,QB,00-0023436,1984-05-07
Matthew Stafford,QB,00-0026498,1988-02-07
Jake Delhomme,QB,00-0004161,1975-01-10
Vince Young,QB,00-0024218,1983-05-18
Josh Freeman,QB,00-0026993,1988-01-13
Marc Bulger,QB,00-0019599,1977-04-05
Ryan Fitzpatrick,QB,00-0023682,1982-11-24
Brady Quinn,QB,00-0025409,1984-10-27
JaMarcus Russell,QB,00-0025388,1985-08-09
Kerry Collins,QB,00-0003292,1972-12-30
Trent Edwards,QB,00-0025479,1983-10-30
Matt Moore,QB,00-0025708,1984-08-09
Bruce Gradkowski,QB,00-0024408,1983-01-27
Daunte Culpepper,QB,00-0003739,1977-01-28
Shaun Hill,QB,00-0020679,1980-01-09
Kyle Boller,QB,00-0022164,1981-06-17
Derek Anderson,QB,00-0023645,1983-06-15
Chris Redman,QB,00-0019709,1977-07-07
Kevin Kolb,QB,00-0025423,1984-08-24
Seneca Wallace,QB,00-0022055,1980-08-06
Josh Johnson,QB,00-0026300,1986-05-15
Byron Leftwich,QB,00-0022177,1980-01-14
Charlie Frye,QB,00-0023502,1981-08-28
Keith Null,QB,00-0027131,1985-09-24
Matt Leinart,QB,00-0024225,1983-05-11
Chad Pennington,QB,00-0019559,1976-06-26
Drew Stanton,QB,00-0025430,1984-05-07
Billy Volek,QB,00-0019041,1976-04-28
Brodie Croyle,QB,00-0024300,1983-02-06
David Carr,QB,00-0020608,1979-07-21
Tarvaris Jackson,QB,00-0024279,1983-04-21
Brian Brohm,QB,00-0026196,1985-09-23
Dennis Dixon,QB,00-0026296,1985-01-11
Todd Collins,QB,00-0003315,1971-11-05
Brian Hoyer,QB,00-0026625,1985-10-13
Kellen Clemens,QB,00-0024264,1983-06-06
Mark Brunell,QB,00-0002110,1970-09-17
Mike Vick,QB,00-0020245,1980-06-26
Curtis Painter,QB,00-0027134,1985-06-24
Tyler Thigpen,QB,00-0025604,1984-04-14
Matt Flynn,QB,00-0026349,1985-06-20
J.T. O'Sullivan,QB,00-0021296,1979-08-25
Rex Grossman,QB,00-0022121,1980-08-23
Troy Smith,QB,00-0025561,1984-07-20
Chris Simms,QB,00-0022005,1980-08-29
Charlie Batch,QB,00-0000865,1974-12-05
Brian St. Pierre,QB,00-0022101,1979-11-28
Caleb Hanie,QB,00-0025970,1985-09-11
Matt Gutierrez,QB,00-0024824,1984-06-09
Josh McCown,QB,00-0021206,1979-07-04
Luke McCown,QB,00-0022864,1981-07-12
J.P. Losman,QB,00-0022912,1981-03-12
Pat White,QB,00-0027020,1986-02-25
Chris Johnson,RB,00-0026164,1985-09-23
Cedric Benson,RB,00-0023439,1982-12-28
Steven Jackson,RB,00-0022736,1983-07-22
Thomas Jones,RB,00-0019641,1978-08-19
Maurice Jones-Drew,RB,00-0024275,1985-03-23
Adrian Peterson,RB,00-0025394,1985-03-21
DeAngelo Williams,RB,00-0024242,1983-04-25
Ray Rice,RB,00-0026195,1987-01-22
Frank Gore,RB,00-0023500,1983-05-14
Michael Turner,RB,00-0022821,1982-02-13
Ryan Grant,RB,00-0022984,1982-12-09
Jamaal Charles,RB,00-0026213,1986-12-27
Ronnie Brown,RB,00-0023437,1981-12-12
Jonathan Stewart,RB,00-0026153,1987-03-21
Ricky Williams,RB,00-0017915,1977-05-21
Rashard Mendenhall,RB,00-0026163,1987-06-19
Fred Jackson,RB,00-0024204,1981-02-20
Marion Barber,RB,00-0023544,1983-06-10
Clinton Portis,RB,00-0021179,1981-09-01
Jerome Harrison,RB,00-0024359,1983-02-26
Knowshon Moreno,RB,00-0026988,1987-07-16
Matt Forte,RB,00-0026184,1985-12-10
Kevin Smith,RB,00-0026204,1986-12-17
Pierre Thomas,RB,00-0024813,1984-12-18
Brandon Jacobs,RB,00-0023545,1982-07-06
Jamal Lewis,RB,00-0019693,1979-08-26
Joseph Addai,RB,00-0024245,1983-05-03
LaDainian Tomlinson,RB,00-0020536,1979-06-23
Ahmad Bradshaw,RB,00-0025637,1986-03-19
Cadillac Williams,RB,00-0023440,1982-04-21
Laurence Maroney,RB,00-0024236,1985-02-05
Mike Bell,RB,00-0024011,1983-04-23
Beanie Wells,RB,00-0027007,1988-08-07
Felix Jones,RB,00-0026162,1987-05-08
Julius Jones,RB,00-0022840,1981-08-14
Leon Washington,RB,00-0024332,1982-08-29
Correll Buckhalter,RB,00-0020270,1978-10-06
Fred Taylor,RB,00-0016098,1976-01-27
Jason Snelling,RB,00-0025631,1983-12-29
Arian Foster,RB,00-0026796,1986-08-24
Justin Fargas,RB,00-0022093,1980-01-25
LeSean McCoy,RB,00-0027029,1988-07-12
Steve Slaton,RB,00-0026229,1986-01-04
Justin Forsett,RB,00-0026373,1985-10-14
Shonn Greene,RB,00-0026899,1985-08-21
Tim Hightower,RB,00-0026289,1986-05-23
Michael Bush,RB,00-0025487,1984-06-16
Marshawn Lynch,RB,00-0025399,1986-04-22
Brian Westbrook,RB,00-0021216,1979-09-02
Willis McGahee,RB,00-0022178,1981-10-21
Kahlil Bell,RB,00-0026579,1986-12-10
Darren McFadden,RB,00-0026144,1987-08-27
Derrick Ward,RB,00-0022770,1980-08-30
Larry Johnson,RB,00-0021976,1979-11-19
Reggie Bush,RB,00-0024217,1985-03-02
Ryan Moats,RB,00-0023512,1982-12-17
Willie Parker,RB,00-0022250,1980-11-11
Maurice Morris,RB,00-0021182,1979-12-01
Sammy Morris,RB,00-0019484,1977-03-23
Donald Brown,RB,00-0027003,1987-04-11
Jerious Norwood,RB,00-0024294,1983-07-29
Quinton Ganther,RB,00-0024460,1984-07-15
Chris Ogbonnaya,RB,00-0027140,1986-05-20
Bernard Scott,RB,00-0026941,1984-02-10
Chris Jennings,RB,00-0027167,1985-12-12
Kevin Faulk,RB,00-0005091,1976-06-05
Tashard Choice,RB,00-0026262,1984-11-20
Darren Sproles,RB,00-0023564,1983-06-20
Chester Taylor,RB,00-0021314,1979-09-22
Ladell Betts,RB,00-0021184,1979-08-27
Leonard Weaver,RB,00-0023063,1982-09-23
Ahman Green,RB,00-0006305,1977-02-16
Chris Brown,RB,00-0022092,1981-04-17
Edgerrin James,RB,00-0008241,1978-08-01
LenDale White,RB,00-0024260,1984-12-20
Glen Coffee,RB,00-0027048,1987-05-01
Garrett Wolfe,RB,00-0025480,1984-08-17
Rock Cartwright,RB,00-0021357,1979-12-03
Lynell Hamilton,RB,00-0026121,1985-08-05
Rashad Jennings,RB,00-0027155,1985-03-26
Marcus Mason,RB,00-0024561,1984-06-23
Le'Ron McClain,RB,00-0025524,1984-12-27
Michael Bennett,RB,00-0020514,1978-08-13
Tyrell Sutton,RB,00-0026790,1986-12-19
LaMont Jordan,RB,00-0020462,1978-11-11
Kenneth Darby,RB,00-0025633,1982-12-26
BenJarvus Green-Ellis,RB,00-0025860,1985-07-02
Brandon Jackson,RB,00-0025450,1985-10-02
Mike Tolbert,RB,00-0026069,1985-11-23
D.J. Ware,RB,00-0024559,1985-02-18
Dantrell Savage,RB,00-0026453,1985-02-15
Aaron Brown,RB,00-0027129,1985-10-10
Kolby Smith,RB,00-0025535,1984-12-15
Tim Castille,RB,00-0025672,1984-05-29
Mike Hart,RB,00-0026342,1986-04-09
Lousaka Polite,RB,00-0022405,1981-09-14
Albert Young,RB,00-0025955,1985-02-25
James Davis,RB,00-0027130,1986-01-01
Mewelde Moore,RB,00-0022217,1982-07-24
Chad Simpson,RB,00-0025997,1985-08-22
Patrick Cobbs,RB,00-0024172,1983-01-31
Javon Ringer,RB,00-0027120,1987-02-02
Mike Goodson,RB,00-0027080,1987-05-23
Brian Leonard,RB,00-0025439,1984-02-03
Lex Hilliard,RB,00-0026344,1984-07-30
Louis Rankin,RB,00-0025841,1985-05-04
Earnest Graham,RB,00-0021755,1980-01-15
Jacob Hester,RB,00-0026209,1985-05-08
DeShawn Wynn,RB,00-0025615,1983-10-09
Brad Hoover,RB,00-0019100,1976-11-11
Gartrell Johnson,RB,00-0027098,1986-06-21
Jackie Battle,RB,00-0025701,1983-10-01
Peyton Hillis,RB,00-0026367,1986-01-21
Adrian Peterson,RB,00-0021306,1979-07-01
Jerome Felton,RB,00-0026286,1986-07-03
Tony Richardson,RB,00-0013694,1971-12-17
Eldra Buckley,RB,00-0024738,1985-06-23
Heath Evans,RB,00-0020507,1978-12-30
Moran Norris,RB,00-0020508,1978-06-16
Carey Davis,RB,00-0022434,1981-03-27
Kory Sheets,RB,00-0026769,1985-03-31
Jalen Parmele,RB,00-0026316,1985-12-30
Corey McIntyre,RB,00-0020804,1979-01-25
Greg Jones,RB,00-0022897,1981-05-09
Samkon Gado,RB,00-0023074,1982-11-13
Aaron Stecker,RB,00-0015601,1975-11-13
Javarris Williams,RB,00-0027141,1986-04-08
John Kuhn,RB,00-0022999,1982-09-09
Jason Wright,RB,00-0022288,1982-07-12
LaRod Stephens-Howling,RB,00-0026956,1987-04-26
Kyle Eckel,RB,00-0023251,1981-12-30
Ovie Mughelli,RB,00-0022143,1980-06-10
Clifton Smith,RB,00-0026113,1985-07-04
Mike Karney,RB,00-0022796,1981-07-06
Jeremi Johnson,RB,00-0022141,1980-09-04
Justin Griffith,RB,00-0022011,1980-07-21
Naufahu Tahi,RB,00-0023774,1981-10-30
Mike Cox,RB,00-0026033,1985-07-11
Ahmard Hall,RB,00-0024489,1979-11-13
Michael Robinson,RB,00-0024315,1983-02-06
Montell Owens,RB,00-0024103,1984-05-04
B.J. Askew,RB,00-0022003,1980-08-19
Matt Lawrence,RB,00-0026132,1985-05-05
Oren O'Neal,RB,00-0025562,1983-09-08
Chris Pressley,RB,00-0026723,1986-08-08
Gary Russell,RB,00-0024846,1986-09-06
Wes Welker,WR,00-0022427,1981-05-01
Steve Smith,WR,00-0025438,1985-05-06
Andre Johnson,WR,00-0022044,1981-07-11
Brandon Marshall,WR,00-0024334,1984-03-23
Reggie Wayne,WR,00-0020498,1978-11-17
Larry Fitzgerald,WR,00-0022921,1983-08-31
Hines Ward,WR,00-0017162,1976-03-08
Roddy White,WR,00-0023462,1981-11-02
Anquan Boldin,WR,00-0022084,1980-10-03
Randy Moss,WR,00-0011754,1977-02-13
Sidney Rice,WR,00-0025431,1986-09-01
Miles Austin,WR,00-0023921,1984-06-30
Santonio Holmes,WR,00-0024240,1984-03-03
T.J. Houshmandzadeh,WR,00-0020438,1977-09-26
Davone Bess,WR,00-0026000,1985-09-13
Derrick Mason,WR,00-0010500,1974-01-17
Chad Johnson,WR,00-0020397,1978-01-09
Marques Colston,WR,00-0024466,1983-06-05
Donald Driver,WR,00-0004541,1975-02-02
Santana Moss,WR,00-0020494,1979-06-01
Vincent Jackson,WR,00-0023496,1983-01-14
Greg Jennings,WR,00-0024267,1983-09-21
Calvin Johnson,WR,00-0025389,1985-09-29
Steve Smith,WR,00-0020337,1979-05-12
Nate Burleson,WR,00-0021999,1981-08-19
Mike Sims-Walker,WR,00-0025466,1984-11-21
DeSean Jackson,WR,00-0026189,1986-12-01
Austin Collie,WR,00-0027092,1985-11-11
Percy Harvin,WR,00-0026998,1988-05-28
Jerricho Cotchery,WR,00-0022811,1982-06-16
Devin Hester,WR,00-0024272,1982-11-04
Mario Manningham,WR,00-0026235,1986-05-25
Jeremy Maclin,WR,00-0026995,1988-05-11
Bernard Berrian,WR,00-0022807,1980-12-27
Steve Breaston,WR,00-0025529,1983-08-20
Terrell Owens,WR,00-0012478,1973-12-07
Earl Bennett,WR,00-0026210,1987-03-23
Jabar Gaffney,WR,00-0021163,1980-12-01
Muhsin Muhammad,WR,00-0011795,1973-05-05
Kevin Walter,WR,00-0021931,1981-08-04
Josh Morgan,WR,00-0026314,1985-06-20
Andre Caldwell,WR,00-0026237,1985-04-15
Devery Henderson,WR,00-0022929,1982-03-26
Torry Holt,WR,00-0007681,1976-06-05
Greg Camarillo,WR,00-0023408,1982-04-18
Michael Jenkins,WR,00-0022781,1982-06-18
Antwaan Randle El,WR,00-0021190,1979-08-17
Michael Crabtree,WR,00-0026986,1987-09-14
Mike Thomas,WR,00-0027076,1987-06-04
Donnie Avery,WR,00-0026173,1984-06-12
Dwayne Bowe,WR,00-0025410,1984-09-21
Pierre Garcon,WR,00-0026345,1986-08-08
Hakeem Nicks,WR,00-0027005,1988-01-14
Nate Washington,WR,00-0023367,1983-08-28
Deion Branch,WR,00-0021192,1979-07-18
Malcom Floyd,WR,00-0022414,1981-09-08
Johnny Knox,WR,00-0026913,1986-11-03
Robert Meachem,WR,00-0025414,1984-09-28
Lee Evans,WR,00-0022910,1981-03-11
Danny Amendola,WR,00-0026035,1985-11-02
Laveranues Coles,WR,00-0018958,1977-12-29
Kenny Britt,WR,00-0027006,1988-09-19
Jason Avant,WR,00-0024324,1983-04-20
Antonio Bryant,WR,00-0021191,1981-03-09
Mike Wallace,WR,00-0026901,1986-08-01
David Anderson,WR,00-0024465,1983-07-28
Ted Ginn,WR,00-0025396,1985-04-12
Roy Williams,WR,00-0022909,1981-12-20
Patrick Crayton,WR,00-0022766,1979-04-07
Julian Edelman,WR,00-0027150,1986-05-22
Eddie Royal,WR,00-0026182,1986-05-21
Chris Chambers,WR,00-0020446,1978-08-12
Bobby Wade,WR,00-0022144,1981-02-25
Braylon Edwards,WR,00-0023438,1983-02-21
Bryant Johnson,WR,00-0022156,1981-03-07
Dennis Northcutt,WR,00-0019650,1977-12-22
Mark Clayton,WR,00-0023457,1982-07-02
Brandon Gibson,WR,00-0026937,1987-08-13
Mohamed Massaquoi,WR,00-0027026,1986-11-24
Louis Murphy,WR,00-0027089,1987-05-11
Kelley Washington,WR,00-0022171,1979-08-21
James Jones,WR,00-0025465,1984-03-31
Brian Hartline,WR,00-0027077,1986-11-22
Sammie Stroughter,WR,00-0026953,1986-01-03
Chaz Schilens,WR,00-0026366,1985-11-07
Justin Gage,WR,00-0021982,1981-01-24
Jacoby Jones,WR,00-0025460,1984-07-11
Josh Reed,WR,00-0021166,1980-05-01
Keenan Burton,WR,00-0026268,1984-10-29
Malcolm Kelly,WR,00-0026191,1986-12-30
Devin Thomas,WR,00-0026174,1986-11-15
Devin Aromashodu,WR,00-0024447,1984-05-23
Legedu Naanee,WR,00-0025559,1983-09-16
Maurice Stovall,WR,00-0024305,1985-02-21
Mike Furrey,WR,00-0019281,1977-03-12
Jordy Nelson,WR,00-0026176,1985-05-31
Isaac Bruce,WR,00-0002099,1972-11-10
Sam Aiken,WR,00-0021915,1980-12-14
Josh Cribbs,WR,00-0023176,1983-06-09
Lance Long,WR,00-0025934,1985-05-04
Johnnie Lee Higgins,WR,00-0025486,1983-09-08
Brandon Stokley,WR,00-0015754,1976-06-23
Chansi Stuckey,WR,00-0025622,1983-10-04
Jerheme Urban,WR,00-0021647,1980-11-26
Early Doucet,WR,00-0026221,1985-10-28
Dwayne Jarrett,WR,00-0025432,1986-09-11
Marty Booker,WR,00-0001477,1976-07-31
Michael Clayton,WR,00-0022725,1982-10-13
Deon Butler,WR,00-0027063,1986-01-04
Domenik Hixon,WR,00-0024345,1984-10-08
David Clowney,WR,00-0025544,1985-07-07
Lance Moore,WR,00-0023310,1983-08-31
Laurent Robinson,WR,00-0025462,1985-05-20
Chris Henry,WR,00-0023518,1983-05-17
Brian Finneran,WR,00-0005231,1976-01-31
Reggie Brown,WR,00-0023470,1981-01-13
Darrius Heyward-Bey,WR,00-0026983,1987-02-26
Jason Hill,WR,00-0025463,1985-02-20
Derek Hagan,WR,00-0024297,1984-09-21
Greg Lewis,WR,00-0021508,1980-02-12
Brandon Lloyd,WR,00-0022097,1981-07-05
Todd Watkins,WR,00-0024432,1983-06-22
Demetrius Williams,WR,00-0024326,1983-03-28
Danny Woodhead,RB,00-0026019,1985-01-25
Lavelle Hawkins,WR,00-0026266,1986-07-12
Sam Hurd,WR,00-0023953,1985-04-24
Kevin Ogletree,WR,00-0026780,1987-08-05
Brian Robiskie,WR,00-0027012,1987-12-03
Brad Smith,WR,00-0024318,1983-12-12
Brian Clark,WR,00-0023790,1983-12-26
Kevin Curtis,WR,00-0022001,1978-07-17
Andre Davis,WR,00-0021175,1979-06-12
Craig Davis,WR,00-0025417,1985-10-02
Jarett Dillard,WR,00-0027105,1985-12-21
Ruvell Martin,WR,00-0022421,1982-08-10
Kenny Moore,WR,00-0026276,1985-02-19
Eric Weems,WR,00-0024535,1985-07-04
Derrick Williams,WR,00-0027056,1986-07-06
Arnaz Battle,WR,00-0022064,1980-02-22
Rashied Davis,WR,00-0023429,1979-07-24
Bobby Engram,WR,00-0004915,1973-01-07
Nate Hughes,WR,00-0026100,1985-01-18
Hank Baskett,WR,00-0024013,1982-09-04
Terrance Copper,WR,00-0022388,1982-03-12
Quan Cosby,WR,00-0026716,1982-12-23
Marko Mitchell,WR,00-0026959,1985-03-11
Ben Obomanu,WR,00-0024463,1983-10-30
Roscoe Parrish,WR,00-0023490,1982-07-16
Isaiah Stanback,WR,00-0025490,1984-08-16
Troy Williamson,WR,00-0023442,1983-04-30
Steve Johnson,WR,00-0026364,1986-07-22
Wallace Wright,WR,00-0024171,1984-02-01
Ramses Barden,WR,00-0026902,1986-01-01
Tim Carter,WR,00-0021174,1979-09-21
Tyler Grisham,WR,00-0026562,1987-06-11
James Hardy,WR,00-0026181,1985-12-24
Jaymar Johnson,WR,00-0026333,1984-07-10
Brandon Jones,WR,00-0023531,1982-10-06
Mark Jones,WR,00-0022882,1980-11-03
Jordan Kent,WR,00-0025597,1984-07-24
Quinten Lawrence,WR,00-0027122,1984-09-21
Charly Martin,WR,00-0026753,1984-03-20
Sinorice Moss,WR,00-0024259,1983-12-28
Kassim Osgood,WR,00-0021570,1980-05-20
Courtney Roby,WR,00-0023503,1983-01-10
John Standeford,WR,00-0022277,1982-04-15
Limas Sweed,WR,00-0026193,1984-12-25
Jake Allen,WR,00-0026022,1985-01-18
Samuel Giguere,WR,00-0025992,1985-07-11
Justin Harper,WR,00-0026355,1985-02-24
Sean Morey,WR,00-0011641,1976-02-26
Maurice Purify,WR,00-0026396,1986-01-17
Darius Reynaud,WR,00-0025951,1984-12-29
Jerome Simpson,WR,00-0026186,1986-02-04
Brett Swain,WR,00-0026357,1985-06-21
Brandon Tate,WR,00-0027057,1987-10-05
Dallas Clark,TE,00-0022165,1979-06-12
Jason Witten,TE,00-0022127,1982-05-06
Tony Gonzalez,TE,00-0006101,1976-02-27
Antonio Gates,TE,00-0021547,1980-06-18
Vernon Davis,TE,00-0024221,1984-01-31
Kellen Winslow,TE,00-0022922,1983-07-21
Brent Celek,TE,00-0025549,1985-01-25
Heath Miller,TE,00-0023465,1982-10-22
Zach Miller,TE,00-0025425,1985-12-11
Greg Olsen,TE,00-0025418,1985-03-11
Visanthe Shiancoe,TE,00-0022054,1980-06-18
Jermichael Finley,TE,00-0026231,1987-03-26
Todd Heap,TE,00-0020516,1980-03-16
John Carlson,TE,00-0026178,1984-05-12
Fred Davis,TE,00-0026188,1986-01-15
Jeremy Shockey,TE,00-0021148,1980-08-18
Dustin Keller,TE,00-0026170,1984-09-25
Bo Scaife,TE,00-0023612,1981-01-06
Kevin Boss,TE,00-0025540,1984-01-11
Owen Daniels,TE,00-0024313,1982-11-09
Donald Lee,TE,00-0021929,1980-08-31
David Thomas,TE,00-0024301,1983-07-05
Randy McMichael,TE,00-0021236,1979-06-28
Marcedes Lewis,TE,00-0024243,1984-05-19
Anthony Fasano,TE,00-0024268,1984-04-20
Tony Scheffler,TE,00-0024276,1983-02-15
Brandon Pettigrew,TE,00-0026996,1985-02-23
Chris Cooley,TE,00-0022738,1982-07-11
Will Heller,TE,00-0021756,1981-02-28
Benjamin Watson,TE,00-0022943,1980-12-18
Daniel Graham,TE,00-0021154,1978-11-16
Alge Crumpler,TE,00-0020285,1977-12-23
J.P. Foschi,TE,00-0022484,1982-05-19
Joel Dreessen,TE,00-0023630,1982-07-26
Dante Rosario,TE,00-0025542,1984-10-25
Jeff King,TE,00-0024369,1983-02-19
Zach Miller,TE,00-0027125,1984-10-04
Delanie Walker,TE,00-0024389,1984-08-12
Leonard Pope,TE,00-0024287,1983-09-10
Desmond Clark,TE,00-0003035,1977-04-20
Joey Haynos,TE,00-0026026,1984-08-28
Casey Fitzsimmons,TE,00-0021525,1980-10-10
Shawn Nelson,TE,00-0027088,1985-10-05
Daniel Coats,TE,00-0024607,1984-04-16
Martellus Bennett,TE,00-0026201,1987-03-10
Jerramy Stevens,TE,00-0021159,1979-11-13
Chris Baker,TE,00-0021213,1979-11-18
Sean Ryan,TE,00-0022817,1980-03-27
Gary Barnidge,TE,00-0026281,1985-09-22
Evan Moore,TE,00-0026123,1985-01-03
Ben Patrick,TE,00-0025602,1984-08-23
Justin Peelle,TE,00-0021227,1979-03-15
Robert Royal,TE,00-0021273,1979-05-15
Ernest Wilford,WR,00-0022901,1979-01-14
Steve Heiden,TE,00-0007213,1976-09-21
Jimmy Kleinsasser,TE,00-0009323,1977-01-31
Tony Stewart,TE,00-0020268,1979-08-09
Jared Cook,TE,00-0027061,1987-04-07
Brad Cottam,TE,00-0026216,1984-11-28
Kellen Davis,TE,00-0026298,1985-10-11
Derek Fine,TE,00-0026272,1983-08-24
Gijon Robinson,TE,00-0024529,1984-10-12
Derek Schouman,TE,00-0025609,1985-03-11
Billy Bajema,TE,00-0023679,1982-10-31
Travis Beckum,TE,00-0027070,1987-01-24
Tom Santi,TE,00-0026336,1985-11-22
Anthony Becht,TE,00-0019457,1977-08-08
Spencer Havner,TE,00-0023832,1983-02-02
John Phillips,TE,00-0027139,1987-06-11
James Casey,TE,00-0027109,1984-09-22
Jeff Dugan,TE,00-0022746,1981-04-08
Jonathan Stupar,TE,00-0025864,1984-07-24
Darnell Dinkins,TE,00-0020550,1977-01-20
Michael Gaines,TE,00-0022706,1980-03-30
Darcy Johnson,TE,00-0023797,1983-02-11
Brandon Manumaleuna,TE,00-0020342,1980-01-04
Matt Spaeth,TE,00-0025464,1983-11-24
Greg Estandia,TE,00-0023784,1982-11-18
Brandon Myers,TE,00-0027135,1985-09-04
Stephen Spach,TE,00-0023108,1982-07-18
Todd Yoder,TE,00-0019127,1978-03-18
John Gilmore,TE,00-0021304,1979-09-21
John Owens,TE,00-0021255,1980-01-10
Alex Smith,TE,00-0023506,1982-05-22
Kory Sperry,TE,00-0026757,1985-04-10
Jacob Tamme,TE,00-0026267,1985-03-15
David Johnson,TE,00-0026957,1987-08-26
Jake Nordin,TE,00-0024825,1984-07-08
Jake O'Connell,TE,00-0027154,1985-11-06
L.J. Smith,TE,00-0022126,1980-05-13
Colin Cloherty,TE,00-0026669,1987-09-16
Dan Gronkowski,TE,00-0027157,1985-01-21
Ben Hartsock,TE,00-0022847,1980-07-05
Anthony Hill,TE,00-0026908,1985-01-02
Tory Humphrey,TE,00-0023210,1983-01-20
Edgar Jones,TE,00-0024714,1984-12-01
Joe Klopfenstein,TE,00-0024261,1983-11-09
Cameron Morrah,TE,00-0026963,1987-03-18
Matthew Mulligan,TE,00-0026008,1985-01-18
Bear Pascoe,TE,00-0026931,1986-02-23
Zach Potter,TE,00-0026658,1986-05-04
Richard Quinn,TE,00-0027040,1986-09-06
Craig Stevens,TE,00-0026225,1984-09-01
Keith Zinger,TE,00-0026372,1984-10-09
Sam Bradford,QB,00-0027854,1987-11-08
Jon Kitna,QB,00-0009311,1972-09-21
Colt McCoy,QB,00-0027688,1986-09-05
Jimmy Clausen,QB,00-0027659,1987-09-21
John Skelton,QB,00-0027754,1988-03-17
Tim Tebow,QB,00-0027876,1987-08-14
Charlie Whitehurst,QB,00-0024296,1982-08-06
Joe Webb,QB,00-0027796,1986-11-14
Max Hall,QB,00-0027347,1985-10-01
Stephen McGee,QB,00-0027071,1985-09-27
Todd Bouman,QB,00-0001545,1972-08-01
Rusty Smith,QB,00-0027775,1987-01-28
Richard Bartel,QB,00-0025749,1983-02-03
Tony Pike,QB,00-0027801,1986-03-10
Tyler Palko,QB,00-0024812,1983-08-09
Levi Brown,QB,00-0027804,1987-03-11
Jordan Palmer,QB,00-0025592,1984-05-30
Chase Daniel,QB,00-0026544,1986-10-07
LeGarrette Blount,RB,00-0027325,1986-12-05
Ryan Torain,RB,00-0026279,1986-08-10
Chris Ivory,RB,00-0027531,1988-03-22
Dominic Rhodes,RB,00-0019863,1979-01-17
Ryan Mathews,RB,00-0027864,1987-10-10
Jahvid Best,RB,00-0027880,1989-01-30
James Starks,RB,00-0027791,1986-02-25
Jonathan Dwyer,RB,00-0027786,1989-07-26
Toby Gerhart,RB,00-0027888,1987-03-28
Joe McKnight,RB,00-0027712,1988-04-16
C.J. Spiller,RB,00-0027861,1987-08-05
Keiland Williams,RB,00-0027214,1986-08-14
Thomas Clayton,RB,00-0025573,1984-04-26
Lance Ball,RB,00-0026432,1985-06-19
Isaac Redman,RB,00-0026566,1984-11-10
Anthony Dixon,RB,00-0027772,1987-09-24
Deji Karim,RB,00-0027779,1986-11-18
Javarris James,RB,00-0027467,1987-09-18
Dimitri Nance,RB,00-0027201,1988-02-18
Marcel Reece,RB,00-0026393,1985-06-23
Curtis Brinkley,RB,00-0026745,1985-09-20
Kareem Huggins,RB,00-0026819,1986-05-24
Keith Toston,RB,00-0027257,1987-05-06
John Conner,RB,00-0027739,1987-06-08
Josh Vaughan,RB,00-0026644,1986-12-03
Spencer Larsen,RB,00-0026323,1984-03-04
Tony Fiammetta,RB,00-0027093,1986-08-22
Chris Gronkowski,RB,00-0027419,1986-12-26
Jehuu Caulcrick,RB,00-0026012,1983-08-06
Lawrence Vickers,RB,00-0024394,1983-05-08
Cedric Peerman,RB,00-0026932,1986-10-10
Mike Sellers,RB,00-0014655,1975-07-21
Kregg Lumpkin,RB,00-0026029,1984-05-15
Antone Smith,RB,00-0026855,1985-09-17
Devin Moore,RB,00-0026620,1985-11-06
Mike Williams,WR,00-0023452,1984-01-04
Mike Williams,WR,00-0027702,1987-05-18
Jordan Shipley,WR,00-0027687,1985-12-23
Dez Bryant,WR,00-0027902,1988-11-04
Anthony Armstrong,WR,00-0026465,1983-03-29
Brandon LaFell,WR,00-0027681,1986-11-04
David Gettis,WR,00-0027795,1987-08-27
Blair White,WR,00-0027477,1987-02-20
David Nelson,WR,00-0027322,1986-11-07
Emmanuel Sanders,WR,00-0027685,1987-03-17
Arrelious Benn,WR,00-0027654,1988-09-08
Jacoby Ford,WR,00-0027709,1987-07-27
Andre Roberts,WR,00-0027691,1988-01-09
Harry Douglas,WR,00-0026224,1984-09-16
Demaryius Thomas,WR,00-0027874,1987-12-25
Dexter McCluster,RB,00-0027651,1988-08-25
Golden Tate,WR,00-0027891,1988-08-02
Danario Alexander,WR,00-0027912,1988-08-07
Donald Jones,WR,00-0027518,1987-12-17
Micheal Spurlock,WR,00-0023968,1983-01-31
Antonio Brown,WR,00-0027793,1988-07-10
Damian Williams,WR,00-0027893,1988-05-26
Seyi Ajirotutu,WR,00-0027581,1987-06-12
Joey Galloway,WR,00-0005720,1971-11-20
Max Komar,WR,00-0027352,1987-04-30
Chad Hall,WR,00-0027188,1986-05-23
Naaman Roosevelt,WR,00-0027220,1987-12-24
Stephen Williams,WR,00-0027349,1986-06-29
Dominique Zeigler,WR,00-0024687,1984-10-11
Tiquan Underwood,WR,00-0027156,1987-02-17
Roydell Williams,WR,00-0023570,1981-03-14
Adrian Arrington,WR,00-0026377,1985-11-07
Riley Cooper,WR,00-0027758,1987-09-09
Dezmon Briscoe,WR,00-0027789,1989-08-31
Eric Decker,WR,00-0027690,1987-03-15
Mardy Gilyard,WR,00-0027700,1986-12-02
Brandon James,WR,00-0027470,1987-12-21
Marlon Moore,WR,00-0027356,1987-09-03
Verran Tucker,WR,00-0027429,1988-06-26
Roberto Wallace,WR,00-0027358,1986-05-10
Anthony Gonzalez,WR,00-0025419,1984-09-18
Preston Parker,WR,00-0027450,1987-02-13
Terrence Austin,WR,00-0027813,1988-08-25
Nick Miller,WR,00-0026536,1987-03-29
Taylor Price,WR,00-0027693,1987-10-08
Brandon Banks,WR,00-0027618,1987-12-21
Donte' Stallworth,WR,00-0021147,1980-11-10
Patrick Turner,WR,00-0027059,1987-05-19
Gary Banks,WR,00-0026056,1981-11-04
Duke Calhoun,WR,00-0027261,1987-09-01
Richard Goodman,WR,00-0027585,1987-04-23
Paul Hubbard,WR,00-0026331,1985-06-12
Manuel Johnson,WR,00-0027149,1986-10-14
Kyle Williams,WR,00-0027608,1988-07-19
Matt Willis,WR,00-0024756,1984-04-13
Dorin Dickerson,TE,00-0027819,1988-03-31
Armanti Edwards,WR,00-0027692,1988-03-08
Jeremy Horne,WR,00-0027308,1986-10-25
Stefan Logan,WR,00-0026491,1981-06-02
Marc Mariani,WR,00-0027816,1987-05-02
John Matthews,WR,00-0026665,1986-07-19
Carlton Mitchell,WR,00-0027776,1988-04-06
David Reed,WR,00-0027755,1987-03-22
Matthew Slater,WR,00-0026293,1985-09-09
Jermaine Gresham,TE,00-0027873,1988-06-16
Tony Moeaki,TE,00-0027695,1987-06-08
Aaron Hernandez,TE,00-0027713,1989-11-06
Rob Gronkowski,TE,00-0027656,1989-05-14
Daniel Fells,TE,00-0023752,1983-09-23
Jimmy Graham,TE,00-0027696,1986-11-24
Andrew Quarless,TE,00-0027753,1988-10-06
Michael Hoomanawanui,TE,00-0027732,1988-07-04
Ed Dickson,TE,00-0027675,1987-07-25
Reggie Kelly,TE,00-0009119,1977-02-22
Clay Harbor,TE,00-0027725,1987-07-02
David Martin,TE,00-0020332,1979-03-13
Kris Wilson,TE,00-0022714,1981-08-22
Nate Byham,TE,00-0027780,1988-06-27
Brody Eldridge,TE,00-0027761,1987-03-31
Michael Palmer,TE,00-0027202,1988-01-18
Ryan Purvis,TE,00-0026804,1986-05-08
Tom Crabtree,TE,00-0026878,1985-11-04
Chase Coffman,TE,00-0027069,1986-11-10
Jim Dray,TE,00-0027825,1986-12-31
Fendi Onobun,TE,00-0027769,1986-11-17
Logan Paulsen,TE,00-0027215,1987-02-26
Mickey Shuler,TE,00-0027809,1986-10-09
Scott Chandler,TE,00-0025516,1985-07-23
Jeff Cumberland,TE,00-0027321,1987-05-02
Dennis Pitta,TE,00-0027714,1985-06-29
Jeron Mastrud,TE,00-0027445,1987-12-17
Cam Newton,QB,00-0027939,1989-05-11
Andy Dalton,QB,00-0027973,1987-10-29
Blaine Gabbert,QB,00-0027948,1989-10-15
Christian Ponder,QB,00-0027950,1988-02-25
Dan Orlovsky,QB,00-0023578,1983-08-18
T.J. Yates,QB,00-0028090,1987-05-28
John Beck,QB,00-0025427,1981-08-21
A.J. Feeley,QB,00-0020305,1977-05-16
Jake Locker,QB,00-0027946,1988-06-15
Mike Kafka,QB,00-0027722,1987-07-25
Colin Kaepernick,QB,00-0027974,1987-11-03
Tyrod Taylor,QB,00-0028118,1989-08-03
Tom Brandstater,QB,00-0027121,1984-10-21
DeMarco Murray,RB,00-0028009,1988-02-12
Ben Tate,RB,00-0027890,1988-08-21
Evan Royster,RB,00-0028115,1987-11-26
Mark Ingram,RB,00-0027966,1989-12-21
Daniel Thomas,RB,00-0028000,1987-10-29
Roy Helu,RB,00-0028043,1988-12-07
Kendall Hunter,RB,00-0028053,1988-09-16
Stevan Ridley,RB,00-0028011,1989-01-27
Montario Hardesty,RB,00-0027666,1987-02-01
Armando Allen,RB,00-0028565,1989-04-30
Delone Carter,RB,00-0028057,1987-06-22
John Clay,RB,00-0028208,1988-01-04
Jacquizz Rodgers,RB,00-0028083,1990-02-06
Shane Vereen,RB,00-0027994,1989-03-02
Bilal Powell,RB,00-0028064,1988-10-27
Jeremiah Johnson,RB,00-0026799,1987-02-15
Brandon Saine,RB,00-0028602,1988-12-14
Phillip Tanner,RB,00-0028613,1988-08-08
DuJuan Harris,RB,00-0028409,1988-09-03
Taiwan Jones,RB,00-0028063,1988-07-26
Dion Lewis,RB,00-0028087,1990-09-27
Alfonso Smith,RB,00-0027346,1987-01-23
Mossis Madu,RB,00-0028574,1987-11-04
Lorenzo Booker,RB,00-0025458,1984-06-14
Jamie Harper,RB,00-0028068,1989-09-11
Johnny White,RB,00-0028071,1988-02-03
Alex Green,RB,00-0028034,1988-06-23
Darrel Young,RB,00-0026852,1987-04-08
Vonta Leach,RB,00-0022397,1981-11-06
Anthony Allen,RB,00-0028163,1988-08-06
Da'Rel Scott,RB,00-0028159,1988-05-26
Brit Miller,RB,00-0026712,1986-09-15
Manase Tonga,RB,00-0027412,1984-02-28
Brock Bolen,RB,00-0026607,1985-03-24
Armond Smith,RB,00-0028706,1986-05-07
Owen Marecic,RB,00-0028062,1988-10-04
Bruce Miller,RB,00-0028149,1987-08-06
Owen Schmitt,RB,00-0026303,1985-02-13
Jed Collins,RB,00-0026072,1986-03-03
Anthony Sherman,RB,00-0028074,1988-12-11
Chauncey Washington,RB,00-0026353,1985-04-29
Victor Cruz,WR,00-0027265,1986-11-11
A.J. Green,WR,00-0027942,1988-07-31
Greg Little,WR,00-0027997,1989-05-30
Julio Jones,WR,00-0027944,1989-02-08
Doug Baldwin,WR,00-0028434,1988-09-21
Torrey Smith,WR,00-0027996,1989-01-26
Titus Young,WR,00-0027982,1989-08-21
Plaxico Burress,WR,00-0019642,1977-08-12
Denarius Moore,WR,00-0028086,1988-12-09
Jeremy Kerley,WR,00-0028091,1988-11-08
Austin Pettis,WR,00-0028016,1988-02-08
Greg Salas,WR,00-0028050,1988-08-25
Dane Sanzenbacher,WR,00-0028352,1988-10-13
Randall Cobb,WR,00-0028002,1990-08-22
Andrew Hawkins,WR,00-0027918,1986-03-10
Jordan Norwood,WR,00-0026739,1986-09-28
Jon Baldwin,WR,00-0027964,1989-08-10
Vincent Brown,WR,00-0028020,1989-01-25
Leonard Hankerson,WR,00-0028017,1989-01-30
Chastin West,WR,00-0027441,1987-05-01
Keary Colbert,WR,00-0022726,1982-05-21
Jesse Holley,WR,00-0024609,1984-01-08
Ryan Whalen,WR,00-0028105,1989-07-26
LaQuan Williams,WR,00-0028288,1988-06-27
Kris Durham,WR,00-0028045,1988-03-17
DeMarco Sampson,WR,00-0028187,1985-12-19
Bryan Walters,WR,00-0027595,1987-11-04
Stephen Burton,WR,00-0028174,1989-12-11
Clyde Gates,WR,00-0028049,1986-06-13
Ricardo Lockette,WR,00-0028442,1986-05-21
Niles Paul,TE,00-0028093,1989-08-09
Cecil Shorts,WR,00-0028052,1987-12-22
Emmanuel Arceneaux,WR,00-0027920,1987-09-17
Tandon Doss,WR,00-0028061,1989-09-22
Joe Hastings,WR,00-0028242,1987-05-05
Jerrel Jernigan,WR,00-0028021,1989-06-14
Jeff Maehl,WR,00-0028543,1989-03-16
Kerry Meier,WR,00-0027764,1986-11-12
Jake Ballard,TE,00-0027259,1987-12-21
Lance Kendricks,TE,00-0027985,1988-01-30
Kyle Rudolph,TE,00-0027981,1989-11-09
Anthony McCoy,TE,00-0027783,1987-12-28
Rob Housler,TE,00-0028007,1988-03-17
Luke Stocker,TE,00-0028042,1988-07-17
Jordan Cameron,TE,00-0028040,1988-08-07
Mike Caussin,TE,00-0027500,1987-02-26
Colin Cochart,TE,00-0028550,1987-07-07
Zack Pianalto,TE,00-0028509,1989-05-27
Weslye Saunders,TE,00-0028270,1989-01-16
Lee Smith,TE,00-0028097,1987-11-21
Josh Baker,TE,00-0028291,1986-12-25
Richie Brockel,TE,00-0027583,1986-07-24
Virgil Green,TE,00-0028142,1988-08-03
David Ausberry,TE,00-0028179,1987-09-25
Kevin Brock,TE,00-0026699,1986-04-09
D.J. Williams,TE,00-0028079,1988-09-10
Richard Gordon,TE,00-0028119,1987-06-07
Garrett Graham,TE,00-0027718,1986-08-04
Mike Higgins,TE,00-0028522,1987-12-07
Allen Reisner,TE,00-0028267,1988-09-29
Ryan Taylor,TE,00-0028156,1987-11-16
Julius Thomas,TE,00-0028067,1988-06-27
Dominique Byrd,TE,00-0024308,1984-02-07
Collin Franklin,TE,00-0028295,1988-07-20
Martin Rucker,TE,00-0026251,1985-05-04
Will Yeatman,TE,00-0028253,1988-04-10
Andrew Luck,QB,00-0029668,1989-09-12
Brandon Weeden,QB,00-0029677,1983-10-14
Ryan Tannehill,QB,00-0029701,1988-07-27
Robert Griffin III,QB,00-0029665,1990-02-12
Russell Wilson,QB,00-0029263,1988-11-29
Nick Foles,QB,00-0029567,1989-01-20
Ryan Lindley,QB,00-0029531,1989-06-22
Kirk Cousins,QB,00-0029604,1988-08-19
Greg McElroy,QB,00-0028146,1988-05-10
Thad Lewis,QB,00-0027253,1987-11-19
Terrelle Pryor,WR,00-0028825,1989-06-20
Graham Harrell,QB,00-0027602,1985-05-22
Ryan Mallett,QB,00-0028012,1988-06-05
Brock Osweiler,QB,00-0029682,1990-11-22
Alfred Morris,RB,00-0029141,1988-12-12
Doug Martin,RB,00-0029613,1989-01-13
Trent Richardson,RB,00-0029675,1990-07-10
Mikel Leshoure,RB,00-0027995,1990-03-30
Vick Ballard,RB,00-0029547,1990-07-16
Andre Brown,RB,00-0027094,1986-12-15
Bryce Brown,RB,00-0029429,1991-05-14
Bernard Pierce,RB,00-0029264,1991-05-10
Ryan Williams,RB,00-0027976,1990-04-09
LaMichael James,RB,00-0029260,1989-10-22
Daryl Richardson,RB,00-0029612,1990-04-12
Brandon Bolden,RB,00-0029239,1990-01-26
Joique Bell,RB,00-0027218,1986-08-04
Jeremy Stewart,RB,00-0029441,1989-02-17
Ronnie Hillman,RB,00-0029683,1991-09-14
David Wilson,RB,00-0029251,1991-06-15
Robert Turbin,RB,00-0029273,1989-12-02
Lamar Miller,RB,00-0029615,1991-04-25
Richard Murphy,RB,00-0028416,1986-09-18
William Powell,RB,00-0028736,1988-03-09
Shaun Draughn,RB,00-0028202,1987-12-07
Collin Mooney,RB,00-0028876,1986-04-03
Jordan Todman,RB,00-0028121,1990-02-24
Chris Rainey,RB,00-0029140,1988-03-02
Lance Dunbar,RB,00-0029004,1990-01-25
Cyrus Gray,RB,00-0029298,1989-11-18
Baron Batch,RB,00-0028170,1987-12-21
Isaiah Pead,RB,00-0029626,1989-12-14
Dan Herron,RB,00-0029588,1989-03-21
Nate Eachus,RB,00-0029358,1990-06-15
Stanley Havili,RB,00-0028178,1987-11-14
Henry Hynoski,RB,00-0028492,1988-12-30
Robert Hughes,RB,00-0028345,1989-06-21
Jorvorskie Lane,RB,00-0029619,1987-02-04
Matt Asiata,RB,00-0028198,1987-07-24
Marcus Thigpen,RB,00-0026577,1986-05-15
Will Johnson,RB,00-0028841,1988-11-14
Travaris Cadet,RB,00-0029205,1989-02-01
Quinn Johnson,RB,00-0027106,1986-09-30
Justin Blackmon,WR,00-0029707,1990-01-09
Kendall Wright,WR,00-0029708,1989-11-12
Josh Gordon,WR,00-0029664,1991-04-13
T.Y. Hilton,WR,00-0029608,1989-11-14
Michael Floyd,WR,00-0029638,1989-11-27
Chris Givens,WR,00-0029614,1989-12-06
Rod Streater,WR,00-0029129,1988-02-09
Trevor Graham,WR,00-0029660,1989-07-27
Alshon Jeffery,WR,00-0029137,1990-02-14
Ryan Broyles,WR,00-0029209,1988-04-09
Jarius Wright,WR,00-0029572,1989-11-25
Stephen Hill,WR,00-0028995,1991-04-25
Damaris Johnson,WR,00-0029435,1989-11-22
Rueben Randle,WR,00-0029262,1991-05-07
Travis Benjamin,WR,00-0029269,1989-12-29
Marvin Jones,WR,00-0029293,1990-03-12
Dwayne Harris,WR,00-0028114,1987-09-16
Juron Criner,WR,00-0029702,1989-12-12
Mohamed Sanu,WR,00-0029632,1989-08-22
Cole Beasley,WR,00-0029000,1989-04-26
LaVon Brazill,WR,00-0029548,1989-03-15
Rishard Matthews,WR,00-0029580,1989-10-12
Brian Quick,WR,00-0029640,1989-06-05
Aldrick Robinson,WR,00-0028116,1988-09-24
Keshawn Martin,WR,00-0029415,1990-03-15
Joseph Morgan,WR,00-0028532,1988-03-23
Josh Cooper,WR,00-0028930,1989-01-08
Armon Binns,WR,00-0028400,1989-09-08
Lestar Jean,WR,00-0028542,1988-02-05
DeVier Posey,WR,00-0029673,1990-03-15
Devon Wylie,WR,00-0029274,1988-09-02
Jarrett Boykin,WR,00-0029051,1989-11-04
Jamar Newsome,WR,00-0028417,1987-11-05
Michael Preston,WR,00-0028362,1989-06-01
Deonte Thompson,WR,00-0029388,1989-02-14
Drew Davis,WR,00-0028307,1989-01-04
Toney Clemons,WR,00-0029204,1988-10-11
Jermaine Kearse,WR,00-0029159,1990-02-06
Kris Adams,WR,00-0028338,1987-09-04
Trindon Holliday,WR,00-0027606,1986-04-27
Kealoha Pilares,WR,00-0028070,1988-02-20
Joe Adams,WR,00-0029271,1989-11-22
LaRon Byrd,WR,00-0029343,1989-08-18
Chris Owusu,WR,00-0028905,1990-01-06
Nathan Palmer,WR,00-0028906,1989-04-14
Jordan White,WR,00-0029642,1988-06-04
Mike Brown,WR,00-0029155,1989-02-09
Kevin Cone,WR,00-0028792,1988-03-20
David Gilreath,WR,00-0028646,1988-12-11
A.J. Jenkins,WR,00-0029654,1989-09-08
Marvin McNutt,WR,00-0029424,1989-07-04
Dwayne Allen,TE,00-0029689,1990-02-24
Coby Fleener,TE,00-0029697,1988-09-20
Konrad Reuland,TE,00-0028238,1987-04-04
Orson Charles,TE,00-0029414,1991-01-27
James Hanna,TE,00-0029634,1989-07-14
Rhett Ellison,TE,00-0029587,1988-10-03
David Paulson,TE,00-0029218,1989-02-22
Taylor Thompson,TE,00-0029590,1989-10-19
Steve Maneri,TE,00-0027567,1988-03-20
Kyle Adams,TE,00-0028337,1988-01-19
Garrett Celek,TE,00-0028903,1988-05-29
Ladarius Green,TE,00-0029275,1990-05-29
Mike McNeill,TE,00-0028651,1988-03-07
Dedrick Epps,TE,00-0027827,1988-06-19
Tommy Gallarda,TE,00-0028406,1988-05-08
Cory Harkey,TE,00-0028958,1990-06-17
Hayden Smith,TE,00-0028842,1985-04-10
Geno Smith,QB,00-0030565,1990-10-10
Mike Glennon,QB,00-0030520,1989-12-12
EJ Manuel,QB,00-0030526,1990-03-19
Case Keenum,QB,00-0028986,1988-02-17
Matt McGloin,QB,00-0030419,1989-12-02
Scott Tolzien,QB,00-0028595,1987-09-04
Jeff Tuel,QB,00-0030024,1991-02-12
Matt Barkley,QB,00-0030533,1990-09-08
Matt Simms,QB,00-0029151,1988-09-27
Dominique Davis,QB,00-0028863,1989-07-17
Eddie Lacy,RB,00-0030485,1990-06-02
Zac Stacy,RB,00-0030536,1991-04-09
Le'Veon Bell,RB,00-0030496,1992-02-18
Bobby Rainey,RB,00-0029384,1987-10-16
Edwin Baker,RB,00-0029317,1991-06-01
Andre Ellington,RB,00-0030287,1989-02-03
Giovani Bernard,RB,00-0030456,1991-11-22
Mike James,RB,00-0030391,1991-04-13
Jonathan Grimes,RB,00-0029510,1989-12-21
Montee Ball,RB,00-0030522,1990-12-05
Dennis Johnson,RB,00-0030236,1990-02-24
Khiry Robinson,RB,00-0030348,1989-12-28
Christine Michael,RB,00-0030432,1990-11-09
Benny Cunningham,RB,00-0029795,1990-07-07
Knile Davis,RB,00-0030280,1991-10-05
Joseph Randle,RB,00-0030388,1991-12-29
Johnathan Franklin,RB,00-0030078,1989-10-23
Ray Graham,RB,00-0030233,1990-09-18
C.J. Anderson,RB,00-0029854,1991-02-10
Stepfan Taylor,RB,00-0030282,1991-06-09
Fozzy Whittaker,RB,00-0029731,1989-02-02
Jeff Demps,RB,00-0029722,1990-01-08
Mike Gillislee,RB,00-0030433,1990-11-01
Chris Polk,RB,00-0029438,1989-12-16
Spencer Ware,RB,00-0030414,1991-11-23
Denard Robinson,RB,00-0030547,1990-09-22
Tommy Bohanon,RB,00-0030112,1990-09-10
Michael Hill,RB,00-0030320,1989-08-14
Michael Cox,RB,00-0030128,1988-11-14
Frank Summers,RB,00-0026926,1985-09-06
Ronnie Wingo,RB,00-0029791,1991-02-18
Theo Riddick,RB,00-0030107,1991-05-04
Kenjon Barner,RB,00-0030465,1989-04-28
James Develin,RB,00-0027925,1988-07-23
Jamize Olawale,RB,00-0029492,1989-04-17
Derrick Coleman,RB,00-0029068,1990-10-18
Will Ta'ufo'ou,RB,00-0026557,1986-06-19
Keenan Allen,WR,00-0030279,1992-04-27
DeAndre Hopkins,WR,00-0030564,1992-06-06
Ace Sanders,WR,00-0030550,1991-11-11
Marlon Brown,WR,00-0030400,1991-04-22
Cordarrelle Patterson,WR,00-0030578,1991-03-17
Terrance Williams,WR,00-0030542,1989-09-18
Tavon Austin,WR,00-0030525,1990-03-15
Robert Woods,WR,00-0030431,1992-04-10
Aaron Dobson,WR,00-0030540,1991-07-23
Kenny Stills,WR,00-0030085,1992-04-22
Kenbrell Thompkins,WR,00-0030000,1988-07-29
Andre Holmes,WR,00-0028263,1988-06-16
Griff Whalen,WR,00-0029033,1990-03-01
Darius Johnson,WR,00-0029778,1991-02-22
Kerry Taylor,WR,00-0028606,1989-02-20
Justin Hunter,WR,00-0030521,1991-05-20
Stedman Bailey,WR,00-0030532,1990-11-11
Marquise Goodwin,WR,00-0030068,1990-11-19
Da'Rick Rogers,WR,00-0030043,1991-06-18
Junior Hemingway,WR,00-0029311,1988-12-27
Jaron Brown,WR,00-0030300,1990-01-08
Chris Hogan,WR,00-0028237,1987-10-24
Josh Boyce,WR,00-0030474,1991-05-06
Brice Butler,WR,00-0030516,1990-01-29
Myles White,WR,00-0030274,1990-03-30
Markus Wheaton,WR,00-0030460,1991-02-07
Pat Edwards,WR,00-0029227,1988-10-25
Jeremy Ross,WR,00-0028249,1988-03-16
Brittan Golden,WR,00-0029336,1988-07-20
Eric Page,WR,00-0029098,1991-09-23
Nick Toon,WR,00-0029667,1988-11-04
Jeremy Ebert,WR,00-0029552,1989-04-06
Quinton Patton,WR,00-0030450,1990-08-09
Nick Williams,WR,00-0029848,1990-11-23
Skye Dawson,WR,00-0029868,1990-12-02
Marcus Easley,WR,00-0027708,1987-11-02
Derek Moye,WR,00-0029108,1988-08-12
Lamaar Thomas,WR,00-0029856,1990-04-23
Brian Tyms,WR,00-0028984,1989-02-21
Marquess Wilson,WR,00-0030047,1992-09-14
Tori Gurley,WR,00-0028596,1987-11-22
Teddy Williams,WR,00-0027853,1988-07-03
Joe Anderson,WR,00-0029494,1988-11-21
Michael Campbell,WR,00-0028293,1989-08-12
Saalim Hakim,WR,00-0029006,1990-02-01
Greg Jenkins,WR,00-0030370,1989-08-23
Julian Talley,WR,00-0029367,1989-06-09
Charles Clay,TE,00-0028112,1989-02-13
Timothy Wright,TE,00-0029910,1990-04-07
Jordan Reed,TE,00-0030472,1990-07-03
Tyler Eifert,TE,00-0030549,1990-09-08
Mychal Rivera,TE,00-0030514,1990-09-08
Zach Ertz,TE,00-0030061,1990-11-10
Sean McGrath,TE,00-0029391,1987-12-03
Luke Willson,TE,00-0030089,1990-01-15
Ryan Griffin,TE,00-0030108,1990-01-11
Joseph Fauria,TE,00-0029883,1990-01-16
Chase Ford,TE,00-0029432,1990-07-19
Levine Toilolo,TE,00-0030443,1991-07-30
Gavin Escobar,TE,00-0030544,1991-02-03
Vance McDonald,TE,00-0030470,1990-06-13
Brandon Bostick,TE,00-0029601,1989-05-03
Michael Egnew,TE,00-0029694,1989-11-01
Josh Hill,TE,00-0030216,1990-05-21
Dion Sims,TE,00-0030422,1991-02-18
Jack Doyle,TE,00-0030181,1990-05-05
Chris Gragg,TE,00-0030049,1990-06-30
Zach Sudfeld,TE,00-0029999,1989-04-18
Larry Donnell,TE,00-0028838,1988-11-01
MarQueis Gray,TE,00-0029878,1989-11-07
Danny Noble,TE,00-0029183,1989-03-30
Nick Kasa,TE,00-0030512,1990-11-05
Evan Rodriguez,TE,00-0029276,1988-09-21
Derek Carr,QB,00-0031280,1991-03-28
Teddy Bridgewater,QB,00-0031237,1992-11-10
Blake Bortles,QB,00-0031407,1992-04-28
Austin Davis,QB,00-0028957,1989-06-02
Zach Mettenberger,QB,00-0031266,1991-07-16
Jimmy Garoppolo,QB,00-0031345,1991-11-02
Connor Shaw,QB,00-0030661,1991-09-19
Johnny Manziel,QB,00-0031409,1992-12-06
Tom Savage,QB,00-0031064,1990-04-26
Logan Thomas,TE,00-0031260,1991-07-01
Ryan Nassib,QB,00-0030586,1990-03-10
Jeremy Hill,RB,00-0031301,1992-10-20
Tre Mason,RB,00-0031391,1993-08-06
Jonas Gray,RB,00-0029104,1990-06-27
Kerwynn Williams,RB,00-0030117,1991-06-09
Jerick McKinnon,RB,00-0031376,1992-05-03
Terrance West,RB,00-0031375,1991-01-28
Andre Williams,RB,00-0031055,1992-08-28
Branden Oliver,RB,00-0031277,1991-05-07
Isaiah Crowell,RB,00-0030656,1993-01-08
Bishop Sankey,RB,00-0031413,1992-09-15
Alfred Blue,RB,00-0031075,1991-04-27
Latavius Murray,RB,00-0030513,1990-01-18
Carlos Hyde,RB,00-0031045,1990-09-20
Charles Sims,RB,00-0031390,1990-09-19
Lorenzo Taliaferro,RB,00-0031066,1991-12-23
Juwan Thompson,RB,00-0030705,1992-05-13
Devonta Freeman,RB,00-0031285,1992-03-15
Storm Johnson,RB,00-0031243,1992-07-10
Darrin Reaves,RB,00-0031123,1993-04-17
James White,RB,00-0031062,1992-02-03
Ka'Deem Carey,RB,00-0031057,1992-10-30
De'Anthony Thomas,WR,00-0031060,1993-01-05
Damien Williams,RB,00-0030874,1992-04-03
George Winn,RB,00-0030247,1990-11-10
Chris Thompson,RB,00-0030404,1990-10-20
Joe Banyard,RB,00-0029048,1988-11-12
Silas Redd,RB,00-0031008,1992-03-01
Marion Grice,RB,00-0030999,1991-04-10
Dri Archer,RB,00-0031392,1991-08-09
Josh Harris,RB,00-0031450,1991-01-22
Austin Johnson,RB,00-0029729,1989-06-16
Rex Burkhead,RB,00-0030288,1990-07-02
Orleans Darkwa,RB,00-0030860,1992-02-28
Zurlon Tipton,RB,00-0030855,1989-04-27
Fitzgerald Toussaint,RB,00-0031332,1990-05-04
Trey Watts,RB,00-0030985,1991-02-13
Erik Lorig,RB,00-0027844,1986-11-17
Will Tukuafu,RB,00-0027905,1984-01-03
Ray Agnew,RB,00-0030653,1991-02-26
Odell Beckham,WR,00-0031235,1992-11-05
Jarvis Landry,WR,00-0031382,1992-11-28
Kelvin Benjamin,WR,00-0031359,1991-02-05
Mike Evans,WR,00-0031408,1993-08-21
Jordan Matthews,WR,00-0031299,1992-07-16
Sammy Watkins,WR,00-0031325,1993-06-14
Brandin Cooks,WR,00-0031236,1993-09-25
Allen Hurns,WR,00-0030821,1991-11-12
John Brown,WR,00-0031051,1990-04-03
Allen Robinson,WR,00-0031428,1993-08-24
Davante Adams,WR,00-0031381,1992-12-24
Marqise Lee,WR,00-0031431,1991-11-25
Taylor Gabriel,WR,00-0031228,1991-02-17
Donte Moncrief,WR,00-0031339,1993-08-06
Charles D. Johnson,WR,00-0030113,1989-02-27
Paul Richardson,WR,00-0031257,1992-04-13
Martavis Bryant,WR,00-0031373,1991-12-20
Kamar Aiken,WR,00-0028497,1989-05-30
Corey Brown,WR,00-0031118,1991-12-16
Albert Wilson,WR,00-0030669,1992-07-12
Corey Fuller,WR,00-0030095,1990-06-23
Brenton Bersin,WR,00-0029394,1990-05-09
Justin Brown,WR,00-0030466,1991-03-10
Dontrelle Inman,WR,00-0028411,1989-01-31
Kevin Norwood,WR,00-0031327,1989-09-23
Josh Huff,WR,00-0030990,1991-10-14
Adam Thielen,WR,00-0030035,1990-08-22
Michael Campanaro,WR,00-0031025,1991-01-25
Ryan Grant,WR,00-0031068,1990-12-19
Bruce Ellington,WR,00-0031326,1991-08-22
Robert Herron,WR,00-0031187,1992-06-02
Corey Washington,WR,00-0030897,1991-12-29
James Wright,WR,00-0031291,1991-12-31
Frankie Hammond,WR,00-0030154,1990-02-17
Russell Shepard,WR,00-0030147,1990-09-17
Jeff Janis,WR,00-0031001,1991-06-24
Tavarres King,WR,00-0030091,1990-07-14
Cody Latimer,WR,00-0031344,1992-10-10
Devin Street,WR,00-0031310,1991-03-30
Kevin Dorsey,WR,00-0030116,1990-02-23
Jalen Saunders,WR,00-0031053,1992-09-30
Josh Bellamy,WR,00-0029319,1989-05-18
Isaiah Burse,WR,00-0030671,1991-12-08
Freddie Martino,WR,00-0030737,1991-09-07
De'Andre Presley,WR,00-0029463,1990-01-10
Rodney Smith,WR,00-0029934,1990-03-11
Travis Kelce,TE,00-0030506,1989-10-05
Jace Amaro,TE,00-0031042,1992-06-26
Eric Ebron,TE,00-0031387,1993-04-10
Austin Seferian-Jenkins,TE,00-0031418,1992-09-29
Richard Rodgers,TE,00-0031384,1992-01-22
Cooper Helfet,TE,00-0029534,1989-06-02
Crockett Gillmore,TE,00-0030992,1991-11-16
Ryan Hewitt,RB,00-0030780,1991-01-24
Derek Carrier,TE,00-0029119,1990-07-25
Brian Leonhardt,TE,00-0029755,1990-04-02
Darren Fells,TE,00-0029738,1986-04-22
Adrien Robinson,TE,00-0029281,1988-09-23
C.J. Fiedorowicz,TE,00-0031302,1991-10-22
Brandon Williams,TE,00-0029793,1987-10-12
Demetrius Harris,TE,00-0030155,1991-07-29
Troy Niklas,TE,00-0031044,1992-09-18
Nic Jacobs,TE,00-0030806,1991-10-13
Phillip Supernaw,TE,00-0028987,1990-01-30
Cameron Brate,TE,00-0031273,1991-07-03
Marcel Jensen,TE,00-0030822,1990-02-12
Asante Cleveland,TE,00-0030832,1992-03-21
Gerell Robinson,TE,00-0028892,1989-10-13
Jordan Thompson,TE,00-0030647,1989-07-12
Jameis Winston,QB,00-0031503,1994-01-06
Marcus Mariota,QB,00-0032268,1993-10-30
AJ McCarron,QB,00-0031288,1990-09-13
Kellen Moore,QB,00-0029234,1988-07-05
Landry Jones,QB,00-0030524,1989-04-04
Alex Tanney,QB,00-0029623,1987-11-11
Sean Mannion,QB,00-0032245,1992-04-25
Sean Renfree,QB,00-0030569,1990-04-28
B.J. Daniels,QB,00-0030120,1989-10-24
Todd Gurley,RB,00-0032241,1994-08-03
Thomas Rawls,RB,00-0031897,1993-08-03
T.J. Yeldon,RB,00-0032209,1993-10-02
Karlos Williams,RB,00-0032152,1993-05-04
Melvin Gordon,RB,00-0032144,1993-04-13
Charcandrick West,RB,00-0030668,1991-06-02
Matt Jones,RB,00-0031939,1993-03-07
Ameer Abdullah,RB,00-0032104,1993-06-13
Antonio Andrews,RB,00-0030789,1992-08-17
David Johnson,RB,00-0032187,1991-12-16
Jeremy Langford,RB,00-0031569,1991-12-06
Tevin Coleman,RB,00-0032058,1993-04-16
Javorius Allen,RB,00-0031577,1991-08-27
Cameron Artis-Payne,RB,00-0031599,1990-06-23
Joey Iosefa,RB,00-0032122,1991-06-19
Duke Johnson,RB,00-0032257,1993-09-23
David Cobb,RB,00-0032133,1993-06-03
Jay Ajayi,RB,00-0031590,1993-06-15
Malcolm Brown,RB,00-0031806,1993-05-15
Akeem Hunt,RB,00-0031743,1993-02-22
John Crockett,RB,00-0031826,1992-02-16
Zach Zenner,RB,00-0031665,1991-09-13
Mike Davis,RB,00-0032063,1993-02-19
Josh Robinson,RB,00-0031611,1992-08-24
Terron Ward,RB,00-0031682,1992-02-15
Jarryd Hayne,RB,00-0031493,1988-02-15
Trey Williams,RB,00-0031531,1992-12-11
Kendall Gaskins,RB,00-0030039,1990-11-04
Jay Prosch,RB,00-0031085,1992-08-21
Cierre Wood,RB,00-0030248,1991-02-21
Terrence Magee,RB,00-0031768,1993-03-16
Jalston Fowler,RB,00-0032130,1990-07-26
Tyler Varga,RB,00-0031526,1993-09-24
Zach Line,RB,00-0029931,1990-04-26
Corey Grant,RB,00-0031731,1991-12-19
Kyle Juszczyk,RB,00-0029892,1991-04-23
Michael Burton,RB,00-0031595,1992-02-01
Patrick DiMarco,RB,00-0028581,1989-04-30
Marcus Murphy,RB,00-0031959,1991-10-03
Glenn Winston,RB,00-0031459,1989-04-29
Amari Cooper,WR,00-0031544,1994-06-17
Willie Snead,WR,00-0030663,1992-10-17
Jamison Crowder,WR,00-0031941,1993-06-17
Stefon Diggs,WR,00-0031588,1993-11-29
Tyler Lockett,WR,00-0032211,1992-09-28
Dorial Green-Beckham,WR,00-0032218,1993-04-12
Seth Roberts,WR,00-0031166,1991-02-22
Jeremy Butler,WR,00-0030691,1991-04-22
Devin Funchess,WR,00-0032055,1994-05-21
Brandon Coleman,WR,00-0030801,1992-06-22
Adam Humphries,WR,00-0032009,1993-06-24
DeVante Parker,WR,00-0031547,1993-01-20
Javontee Herndon,WR,00-0030920,1991-06-29
Nelson Agholor,WR,00-0031549,1993-05-24
Quincy Enunwa,WR,00-0031023,1992-05-31
Justin Hardy,WR,00-0031570,1991-12-18
Rashad Greene,WR,00-0032170,1992-09-23
Phillip Dorsett,WR,00-0032208,1993-01-05
Chris Conley,WR,00-0032128,1992-10-25
Bennie Fowler,WR,00-0030670,1991-06-10
Ty Montgomery,RB,00-0032200,1993-01-22
Darius Jennings,WR,00-0031972,1992-06-28
Keith Mumphery,WR,00-0031600,1992-06-05
Jaelen Strong,WR,00-0031560,1994-01-25
Bradley Marquez,WR,00-0031818,1992-12-14
Donteea Dye,WR,00-0032008,1993-08-20
Cameron Meredith,WR,00-0031912,1992-09-21
J.J. Nelson,WR,00-0032112,1992-04-24
T.J. Jones,WR,00-0031189,1992-07-19
Jared Abbrederis,WR,00-0031021,1990-12-17
Chris Matthews,WR,00-0028702,1989-10-06
Devin Smith,WR,00-0031934,1992-03-03
Rashad Ross,WR,00-0030187,1990-02-02
Daniel Brown,TE,00-0032098,1992-05-26
Lucky Whitehead,WR,00-0031757,1992-06-02
Kevin Smith,WR,00-0031320,1991-12-21
Chandler Worthy,WR,00-0031932,1993-09-15
Geremy Davis,WR,00-0031953,1992-01-10
Jonathan Krause,WR,00-0030659,1992-01-18
Tre McBride,WR,00-0032123,1992-12-01
Andrew Turzilli,WR,00-0032045,1991-10-13
Darren Waller,TE,00-0031610,1992-09-13
DeAndrew White,WR,00-0031511,1991-10-16
Tyrell Williams,WR,00-0032160,1992-02-12
Mario Alford,WR,00-0031962,1992-02-25
Sammie Coates,WR,00-0032166,1993-03-31
Ben Edwards,WR,00-0032001,1992-04-10
Chris Harper,WR,00-0031854,1993-12-07
Tyler Murphy,WR,00-0031816,1992-01-12
Kasen Williams,WR,00-0032250,1992-12-05
Matt Hazel,WR,00-0031315,1992-01-23
Seantavius Jones,WR,00-0030807,1992-08-09
Vince Mayle,WR,00-0032188,1991-06-12
Rico Richardson,WR,00-0030162,1991-07-01
Will Tye,TE,00-0032004,1991-11-04
Maxx Williams,TE,00-0031558,1994-04-12
Clive Walford,TE,00-0032256,1991-10-01
Nick Boyle,TE,00-0031598,1993-02-17
Blake Bell,TE,00-0032062,1991-08-07
Tyler Kroft,TE,00-0032214,1992-10-15
Justin Perillo,TE,00-0030758,1991-01-05
MyCole Pruitt,TE,00-0031585,1992-03-24
Jerome Cunningham,TE,00-0031462,1991-05-25
Jesse James,TE,00-0032135,1994-06-04
James O'Shaughnessy,TE,00-0031951,1992-01-14
Jake Stoneburner,TE,00-0030272,1989-08-25
Trey Burton,TE,00-0030710,1991-10-29
Matt LaCosse,TE,00-0031744,1992-09-21
Michael Williams,TE,00-0030110,1990-09-08
E.J. Bibbs,TE,00-0031968,1991-08-28
Khari Lee,TE,00-0031922,1992-01-16
Nick O'Leary,TE,00-0032117,1992-08-31
Brian Parker,TE,00-0032089,1992-05-30
Scott Simonson,TE,00-0031167,1992-04-13
Geoff Swaim,TE,00-0032141,1993-09-16
C.J. Uzomah,TE,00-0032134,1993-01-14
Carson Wentz,QB,00-0032950,1992-12-30
Dak Prescott,QB,00-0033077,1993-07-29
Trevor Siemian,QB,00-0032156,1991-12-26
Cody Kessler,QB,00-0033104,1993-05-11
Jared Goff,QB,00-0033106,1994-10-14
Bryce Petty,QB,00-0031568,1991-05-31
Paxton Lynch,QB,00-0033108,1994-02-12
Jacoby Brissett,QB,00-0033119,1992-12-11
Connor Cook,QB,00-0032893,1993-01-29
Trevone Boykin,QB,00-0032462,1993-08-22
Kevin Hogan,QB,00-0032784,1992-10-20
Cardale Jones,QB,00-0033098,1992-09-29
David Fales,QB,00-0031076,1990-10-04
Brett Hundley,QB,00-0031589,1993-06-15
Ezekiel Elliott,RB,00-0033045,1995-07-22
Jordan Howard,RB,00-0032780,1994-11-02
Rob Kelley,RB,00-0032371,1992-10-03
Devontae Booker,RB,00-0032972,1992-05-27
DeAndre Washington,RB,00-0032940,1993-02-22
Derrick Henry,RB,00-0032764,1994-01-04
Paul Perkins,RB,00-0032417,1994-11-16
Kenneth Dixon,RB,00-0032411,1994-01-21
Jalen Richard,RB,00-0033025,1993-10-15
C.J. Prosise,RB,00-0032393,1994-05-20
Terrell Watson,RB,00-0031793,1993-08-22
Wendell Smallwood,RB,00-0032782,1994-01-20
Dwayne Washington,RB,00-0032450,1994-04-24
Peyton Barber,RB,00-0032741,1994-02-27
Kenneth Farrow,RB,00-0032902,1993-03-07
Troymaine Pope,RB,00-0033164,1993-11-29
Alex Collins,RB,00-0032426,1994-08-26
Kenyan Drake,RB,00-0033118,1994-01-26
Kapri Bibbs,RB,00-0031102,1993-01-10
Don Jackson,RB,00-0032636,1993-09-07
Aaron Ripkowski,RB,00-0031612,1992-12-20
Mack Brown,RB,00-0032048,1991-09-24
Jonathan Williams,RB,00-0032975,1994-02-02
D.J. Foster,RB,00-0032577,1993-11-22
Brandon Wilds,RB,00-0032593,1993-07-22
Raheem Mostert,RB,00-0031687,1992-04-09
Daniel Lasco,RB,00-0032804,1992-10-09
Bronson Hill,RB,00-0032298,1993-01-02
Andy Janovich,RB,00-0032956,1993-05-23
George Atkinson,RB,00-0031158,1992-11-29
J.D. McKissic,RB,00-0032602,1993-08-15
Josh Ferguson,RB,00-0032377,1993-05-23
Paul Lasike,RB,00-0031706,1990-06-18
George Farmer,RB,00-0031746,1993-07-04
Keith Smith,RB,00-0030968,1992-04-08
Tyler Ervin,RB,00-0032404,1993-10-07
Derek Watt,RB,00-0032897,1992-11-07
Joe Kerridge,RB,00-0032375,1992-09-17
Brandon Burks,RB,00-0032844,1993-11-01
Michael Thomas,WR,00-0032765,1993-03-03
Sterling Shepard,WR,00-0032385,1993-02-10
Tyreek Hill,WR,00-0033040,1994-03-01
Tyler Boyd,WR,00-0033009,1994-11-15
Eli Rogers,WR,00-0031782,1992-12-23
Will Fuller,WR,00-0033127,1994-04-16
Robby Anderson,WR,00-0032688,1993-05-09
Tajae Sharpe,WR,00-0032778,1994-12-23
Corey Coleman,WR,00-0032966,1994-07-06
Breshad Perriman,WR,00-0032054,1993-09-10
Malcolm Mitchell,WR,00-0032400,1992-07-20
Charone Peake,WR,00-0032959,1992-10-16
Chester Rogers,WR,00-0032355,1994-01-12
Kevin White,WR,00-0031545,1992-06-25
Ricardo Louis,WR,00-0033079,1994-03-23
Cody Core,WR,00-0032795,1994-04-17
Cobi Hamilton,WR,00-0030290,1990-11-13
Jordan Taylor,WR,00-0031697,1992-02-18
Braxton Miller,WR,00-0033069,1992-11-30
Pharoh Cooper,WR,00-0033111,1995-03-07
Jalin Marshall,WR,00-0032694,1995-07-21
Walt Powell,WR,00-0031268,1991-11-23
Geronimo Allison,WR,00-0032626,1994-01-18
Tanner McEvoy,WR,00-0032475,1993-01-26
Paul Turner,WR,00-0032841,1993-05-10
Maurice Harris,WR,00-0032362,1992-11-11
Aaron Burbridge,WR,00-0032441,1993-12-23
Tommylee Lewis,WR,00-0032881,1992-10-24
Roger Lewis,WR,00-0032659,1993-11-27
Chris Moore,WR,00-0032398,1993-06-16
DeMarcus Ayers,WR,00-0032365,1994-07-07
Alex Erickson,WR,00-0032543,1992-11-06
Rashard Higgins,WR,00-0032977,1994-10-07
Wendall Williams,WR,00-0032739,1990-09-18
Quan Bray,WR,00-0031514,1993-04-28
Leonte Carroo,WR,00-0033060,1994-01-24
Trevor Davis,WR,00-0032423,1993-07-04
Byron Marshall,RB,00-0032964,1994-02-13
Mike Thomas,WR,00-0033114,1994-08-16
Bryce Treggs,WR,00-0032724,1994-04-30
Josh Doctson,WR,00-0032760,1992-12-03
Johnny Holton,WR,00-0032935,1991-08-22
Bralon Addison,WR,00-0032482,1993-10-12
Damiere Byrd,WR,00-0031868,1993-01-27
Paul McRoberts,WR,00-0032679,1992-11-15
Jordan Payton,WR,00-0032974,1993-09-01
DeAndre Smelter,WR,00-0032064,1991-12-03
Laquon Treadwell,WR,00-0032951,1995-06-14
Tony Washington,WR,00-0030856,1990-10-18
Shane Wynn,WR,00-0031684,1992-11-15
Daniel Braverman,WR,00-0032801,1993-09-28
Isaac Fruechte,WR,00-0032012,1991-03-07
Jakeem Grant,WR,00-0032791,1992-10-30
Dezmin Lewis,WR,00-0032070,1992-12-05
Kalif Raymond,WR,00-0032464,1994-08-08
Hunter Henry,TE,00-0033090,1994-12-07
Austin Hooper,TE,00-0032392,1994-10-29
Ben Koyack,TE,00-0032139,1993-04-09
Jerell Adams,TE,00-0032429,1992-12-31
A.J. Derby,TE,00-0031609,1991-09-20
Erik Swoope,TE,00-0030854,1992-05-08
Neal Sterling,TE,00-0032120,1992-01-14
Stephen Anderson,TE,00-0032725,1993-01-30
Xavier Grimble,TE,00-0031035,1992-09-22
Tyler Higbee,TE,00-0033110,1993-01-01
Seth DeValve,TE,00-0033080,1993-01-29
Jeff Heuerman,TE,00-0032227,1992-11-24
Dominique Jones,TE,00-0028994,1987-08-15
Ben Braunecker,TE,00-0032661,1994-02-07
Alex Ellis,TE,00-0032864,1993-02-10
Josh Perkins,TE,00-0032599,1993-08-05
Ross Travis,TE,00-0032319,1993-01-09
Nick Vannett,TE,00-0032394,1993-03-06
Je'Ron Hamm,TE,00-0030805,1992-06-15
Matt Lengel,TE,00-0031788,1990-12-27
Ifeanyi Momah,TE,00-0029740,1989-10-23
Randall Telfer,TE,00-0031533,1992-05-16
Cole Wick,TE,00-0032562,1993-11-30
Gerald Christian,TE,00-0032190,1991-08-26
Connor Hamlett,TE,00-0031732,1992-04-12
Henry Krieger-Coble,TE,00-0032523,1992-06-12
Chris Manhertz,TE,00-0031484,1992-04-10
David Morgan,TE,00-0032430,1993-05-19
D.J. Tialavea,TE,00-0030828,1991-07-27
Braedon Bowman,TE,00-0032515,1994-01-30
Hakeem Valles,TE,00-0032508,1992-11-23
DeShone Kizer,QB,00-0033899,1996-01-03
Mitchell Trubisky,QB,00-0033869,1994-08-20
Deshaun Watson,QB,00-0033537,1995-09-14
C.J. Beathard,QB,00-0033936,1993-11-16
Patrick Mahomes,QB,00-0033873,1995-09-17
Nathan Peterman,QB,00-0033958,1994-05-04
Nate Sudfeld,QB,00-0032792,1993-10-07
Jake Rudock,QB,00-0032431,1993-01-21
Joe Callahan,QB,00-0032630,1993-06-04
Taylor Heinicke,QB,00-0031800,1993-03-15
Cooper Rush,QB,00-0033662,1993-11-21
Tyler Bray,QB,00-0030151,1991-12-27
Dalvin Cook,RB,00-0033893,1995-08-10
Kareem Hunt,RB,00-0033923,1995-08-06
Leonard Fournette,RB,00-0033856,1995-01-18
Chris Carson,RB,00-0033594,1994-09-16
Alvin Kamara,RB,00-0033906,1995-07-25
Joe Mixon,RB,00-0033897,1996-07-24
Samaje Perine,RB,00-0033526,1995-09-16
Aaron Jones,RB,00-0033293,1994-12-02
Wayne Gallman,RB,00-0033950,1994-10-01
Jamaal Williams,RB,00-0033948,1995-04-03
Tion Green,RB,00-0033748,1993-12-14
D'Onta Foreman,RB,00-0033925,1996-04-24
Matt Breida,RB,00-0033308,1995-02-28
Christian McCaffrey,RB,00-0033280,1996-06-07
Marlon Mack,RB,00-0033951,1996-03-07
Tarik Cohen,RB,00-0033556,1995-07-26
Corey Clement,RB,00-0033725,1994-11-02
Elijah McGuire,RB,00-0033295,1994-06-01
Austin Ekeler,RB,00-0033699,1995-05-17
Rod Smith,RB,00-0031900,1992-01-10
James Conner,RB,00-0033553,1995-05-05
Elijhaa Penny,RB,00-0032813,1993-08-17
Brian Hill,RB,00-0033567,1995-11-09
LeShun Daniels,RB,00-0033384,1995-06-04
Trey Edmunds,RB,00-0033838,1994-12-30
De'Angelo Henderson Sr.,RB,00-0033581,1992-11-24
Senorise Perry,RB,00-0031209,1991-09-19
David Fluellen,RB,00-0030711,1992-01-28
Matt Dayes,RB,00-0033596,1994-09-03
C.J. Ham,RB,00-0032918,1993-07-22
Justin Davis,RB,00-0033760,1995-11-11
Devante Mays,RB,00-0033304,1994-05-26
Lawrence Thomas,RB,00-0032740,1993-04-16
Roosevelt Nix,RB,00-0030741,1992-03-30
Cooper Kupp,WR,00-0033908,1993-06-15
JuJu Smith-Schuster,WR,00-0033857,1996-11-22
Trent Taylor,WR,00-0033292,1994-04-30
Keelan Cole,WR,00-0033681,1993-04-20
Corey Davis,WR,00-0033871,1995-01-11
Chris Godwin,WR,00-0033921,1996-02-27
Kenny Golladay,WR,00-0033932,1993-11-03
Zay Jones,WR,00-0033891,1995-03-30
Dede Westbrook,WR,00-0033839,1993-11-21
Demarcus Robinson,WR,00-0032775,1994-09-21
Kendrick Bourne,WR,00-0033307,1995-08-04
Mack Hollins,WR,00-0033555,1993-09-16
Taywan Taylor,WR,00-0033911,1995-03-02
Curtis Samuel,WR,00-0033282,1996-08-11
Josh Reynolds,WR,00-0033943,1995-02-16
Mike Williams,WR,00-0033536,1994-10-04
Chad Hansen,WR,00-0033840,1995-01-18
Amara Darboh,WR,00-0033937,1994-02-01
Travis Rudolph,WR,00-0033717,1995-09-15
Josh Malone,WR,00-0033859,1996-03-21
Jaydon Mickens,WR,00-0033006,1994-04-21
ArDarius Stewart,WR,00-0033916,1993-12-08
Ryan Switzer,WR,00-0033562,1994-11-04
Kaelin Clay,WR,00-0032115,1992-01-02
Marcus Johnson,WR,00-0032980,1994-08-05
Hunter Sharp,WR,00-0032839,1994-04-25
Chris Thompson,WR,00-0033855,1994-05-09
Noah Brown,WR,00-0033591,1996-01-06
Michael Clark,WR,00-0033352,1995-10-26
Isaiah McKenzie,WR,00-0033466,1995-04-09
Tanner Gentry,WR,00-0033633,1994-12-18
Chad Williams,WR,00-0033933,1994-10-19
Jehu Chesson,WR,00-0033464,1993-12-20
Shelton Gibson,WR,00-0033573,1995-03-20
Marvin Hall,WR,00-0033094,1993-04-10
JoJo Natson,WR,00-0033266,1994-02-01
Darius Powe,WR,00-0032656,1994-03-15
Larry Pinkard,WR,00-0031834,1992-02-25
Bobo Wilson,WR,00-0033434,1995-01-25
K.J. Brent,WR,00-0032926,1993-08-06
Marquis Bundy,WR,00-0033087,1994-08-05
Stacy Coley,WR,00-0033968,1994-05-13
Ed Eagan,WR,00-0032705,1993-06-19
John Ross,WR,00-0033460,1995-11-27
Isaac Whitney,WR,00-0033449,1994-06-22
Evan Engram,TE,00-0033881,1994-09-02
George Kittle,TE,00-0033288,1993-10-09
David Njoku,TE,00-0033885,1996-07-10
O.J. Howard,TE,00-0033879,1994-11-18
Jonnu Smith,TE,00-0033858,1995-08-22
Gerald Everett,TE,00-0033895,1994-06-25
Ricky Seals-Jones,TE,00-0033611,1995-03-15
Adam Shaheen,TE,00-0033896,1994-10-24
Eric Tomlinson,TE,00-0031690,1992-04-22
Austin Traylor,TE,00-0033043,1993-09-03
Alan Cross,TE,00-0032745,1993-07-02
Jacob Hollister,TE,00-0033387,1993-11-18
Michael Roberts,TE,00-0033559,1994-05-07
Darrell Daniels,TE,00-0033258,1994-11-22
Antony Auclair,TE,00-0033421,1993-05-28
Emanuel Byrd,TE,00-0033514,1994-12-09
Cole Hikutini,TE,00-0033315,1994-06-11
Jeremy Sprinkle,TE,00-0033528,1994-08-10
Garrett Griffin,TE,00-0033095,1994-03-04
Ryan Malleck,TE,00-0032650,1993-07-22
Cethan Carter,TE,00-0033338,1995-09-05
Gabe Holmes,TE,00-0031884,1991-03-29
Baker Mayfield,QB,00-0034855,1995-04-14
Sam Darnold,QB,00-0034869,1997-06-05
Josh Rosen,QB,00-0034343,1997-02-10
Nick Mullens,QB,00-0033319,1995-03-21
Josh Allen,QB,00-0034857,1996-05-21
Lamar Jackson,QB,00-0034796,1997-01-07
Jeff Driskel,QB,00-0032436,1993-04-23
Kyle Allen,QB,00-0034577,1996-03-08
Taysom Hill,QB,00-0033357,1990-08-23
Joshua Dobbs,QB,00-0033949,1995-01-26
Garrett Gilbert,QB,00-0031395,1991-07-01
Kyle Lauletta,QB,00-0034369,1995-03-17
Saquon Barkley,RB,00-0034844,1997-02-09
Sony Michel,RB,00-0034845,1995-02-17
Phillip Lindsay,RB,00-0034109,1994-07-24
Gus Edwards,RB,00-0034184,1995-04-13
Kerryon Johnson,RB,00-0034349,1997-06-30
Nick Chubb,RB,00-0034791,1995-12-27
Jeff Wilson,RB,00-0034115,1995-11-16
Keith Ford,RB,00-0034509,1994-04-18
Royce Freeman,RB,00-0034838,1996-02-24
Josh Adams,RB,00-0034457,1996-10-29
Rashaad Penny,RB,00-0034750,1996-02-02
Ito Smith,RB,00-0034378,1995-09-11
Jordan Wilkins,RB,00-0034400,1994-07-18
Nyheim Hines,RB,00-0034367,1996-11-12
John Kelly,RB,00-0034808,1996-10-04
Jaylen Samuels,RB,00-0034331,1996-07-20
Kalen Ballage,RB,00-0034799,1995-12-22
Justin Jackson,RB,00-0034440,1996-04-22
Chase Edmonds,RB,00-0034681,1996-04-13
Darius Jackson,RB,00-0033049,1993-12-01
Darrel Williams,RB,00-0034301,1995-04-15
Trenton Cannon,RB,00-0034164,1994-07-23
Roc Thomas,RB,00-0034221,1995-09-02
Dave Williams,RB,00-0034427,1994-06-17
Mike Boone,RB,00-0034208,1995-06-30
Shaun Wilson,RB,00-0034621,1995-12-02
Detrez Newsome,RB,00-0034565,1994-03-06
Ronald Jones,RB,00-0034816,1997-08-03
Mark Walton,RB,00-0034679,1997-03-29
Taquan Mizzell,RB,00-0033373,1993-10-21
De'Lance Turner,RB,00-0034201,1995-08-23
Alex Armah,RB,00-0033296,1994-05-17
Tre Madden,RB,00-0032472,1993-08-16
T.J. Logan,RB,00-0033789,1994-09-03
Nick Bellore,RB,00-0028292,1989-05-12
Calvin Ridley,WR,00-0034837,1994-12-20
D.J. Moore,WR,00-0034827,1997-04-14
Antonio Callaway,WR,00-0034772,1997-01-09
Christian Kirk,WR,00-0034775,1996-11-18
Courtland Sutton,WR,00-0034348,1995-10-10
Marquez Valdes-Scantling,WR,00-0034272,1994-10-10
Michael Gallup,WR,00-0034764,1996-03-04
Anthony Miller,WR,00-0034353,1994-10-09
DaeSean Hamilton,WR,00-0034370,1995-03-10
Keke Coutee,WR,00-0034366,1997-01-14
Tre'Quan Smith,WR,00-0034765,1996-01-07
Robert Foster,WR,00-0034510,1994-05-07
Zach Pascal,WR,00-0033251,1994-12-18
Dante Pettis,WR,00-0034860,1995-10-23
David Moore,WR,00-0033589,1995-01-15
Tim Patrick,WR,00-0033375,1993-11-23
Equanimeous St. Brown,WR,00-0034279,1996-09-30
DeAndre Carter,WR,00-0031763,1993-04-10
Trent Sherfield,WR,00-0034487,1996-02-26
James Washington,WR,00-0034676,1996-04-02
Marcell Ateman,WR,00-0034747,1994-09-16
D.J. Chark,WR,00-0034777,1996-09-23
Keith Kirkwood,WR,00-0034317,1994-12-26
Damion Ratley,WR,00-0034273,1995-04-16
Andy Jones,WR,00-0032707,1994-06-28
Brandon Powell,WR,00-0034646,1995-09-12
Deontay Burnett,WR,00-0034653,1997-10-04
Austin Carr,WR,00-0033382,1993-12-25
Richie James,WR,00-0034286,1995-09-05
Trey Quinn,WR,00-0034339,1995-12-07
Cameron Batson,WR,00-0034652,1995-12-20
Jake Kumerow,WR,00-0031787,1992-02-17
Russell Gage,WR,00-0034411,1996-01-22
Ray-Ray McCloud,WR,00-0034407,1996-10-15
Vyncint Smith,WR,00-0034631,1996-06-09
Chad Beebe,WR,00-0034309,1994-06-01
Jawill Davis,WR,00-0034499,1995-04-06
Auden Tate,WR,00-0034686,1997-02-03
Javon Wims,WR,00-0034426,1994-09-11
Jalen Tolliver,WR,00-0034489,1995-12-30
Derrick Willies,WR,00-0034258,1994-10-17
KhaDarel Hodge,WR,00-0034854,1995-01-03
J'Mon Moore,WR,00-0034268,1995-05-23
Malik Turner,WR,00-0034867,1996-01-30
River Cracraft,WR,00-0034054,1994-11-01
Gehrig Dieter,WR,00-0033474,1993-02-24
Keon Hatcher,WR,00-0033441,1994-09-11
J.J. Jones,WR,00-0034560,1992-12-06
Marcus Kemp,WR,00-0033481,1995-08-14
Darvin Kidsy,WR,00-0034710,1995-03-19
Allen Lazard,WR,00-0034521,1995-12-11
Cam Phillips,WR,00-0034512,1995-12-16
Justin Watson,WR,00-0034386,1995-04-04
Tim White,WR,00-0033379,1994-07-15
Brandon Zylstra,WR,00-0034052,1993-03-25
Isaiah Ford,WR,00-0033471,1996-02-09
Chris Lacy,WR,00-0034593,1996-01-28
Riley McCarron,WR,00-0033773,1993-06-16
Chris Herndon,TE,00-0034766,1996-02-23
Ian Thomas,TE,00-0034365,1996-06-06
Mark Andrews,TE,00-0034753,1995-09-06
Dallas Goedert,TE,00-0034351,1995-01-03
Blake Jarwin,TE,00-0033658,1994-07-16
Jason Croom,TE,00-0033627,1994-02-28
Mike Gesicki,TE,00-0034829,1995-10-03
Jordan Thomas,TE,00-0034420,1996-08-02
Anthony Firkser,TE,00-0033455,1995-02-19
Jordan Akins,TE,00-0034364,1992-04-19
Jordan Leggett,TE,00-0033953,1995-01-31
Hayden Hurst,TE,00-0034830,1993-08-24
Dan Arnold,TE,00-0034011,1995-03-15
Dalton Schultz,TE,00-0034383,1996-07-11
Jake Butt,TE,00-0033564,1995-07-11
Will Dissly,TE,00-0034159,1996-07-08
Mo Alie-Cox,TE,00-0033217,1993-09-19
David Grinnage,TE,00-0032634,1994-02-04
Durham Smythe,TE,00-0034798,1995-08-09
Tyler Conklin,TE,00-0034270,1995-07-30
Eric Saubert,TE,00-0033576,1994-05-01
Robert Tonyan,TE,00-0033757,1994-04-30
Rico Gathers,TE,00-0033054,1994-01-07
Ross Dwelley,TE,00-0034073,1995-01-26
Jordan Franks,TE,00-0034532,1996-02-01
Sean Culkin,TE,00-0033696,1993-06-11
Matt Flanagan,TE,00-0034101,1995-03-26
Johnny Mundt,TE,00-0033246,1994-11-23
Tyrone Swoopes,TE,00-0033742,1994-11-14
Kyler Murray,QB,00-0035228,1997-08-07
Gardner Minshew,QB,00-0035289,1996-05-16
Daniel Jones,QB,00-0035710,1997-05-27
Mason Rudolph,QB,00-0034771,1995-07-17
Dwayne Haskins,QB,00-0035232,1997-05-03
Devlin Hodges,QB,00-0035577,1996-04-12
Drew Lock,QB,00-0035704,1996-11-10
David Blough,QB,00-0035040,1995-07-31
Brandon Allen,QB,00-0032434,1992-09-05
Ryan Finley,QB,00-0035652,1994-12-26
Luke Falk,QB,00-0034412,1994-12-28
Will Grier,QB,00-0035251,1995-04-03
Ryan Griffin,QB,00-0029857,1989-11-17
Tim Boyle,QB,00-0034177,1994-10-03
Jarrett Stidham,QB,00-0035264,1996-08-08
Josh Jacobs,RB,00-0035700,1998-02-11
Devin Singletary,RB,00-0035250,1997-09-03
Bo Scarbrough,RB,00-0034432,1996-09-29
David Montgomery,RB,00-0035685,1997-06-07
Miles Sanders,RB,00-0035243,1997-05-01
Derrius Guice,RB,00-0034358,1997-06-21
Alexander Mattison,RB,00-0034972,1998-06-19
Tra Carson,RB,00-0032540,1992-10-24
Benny Snell,RB,00-0035217,1998-02-27
Jon Hilliman,RB,00-0035013,1995-11-14
Tony Pollard,RB,00-0035261,1997-04-30
Boston Scott,RB,00-0034414,1995-04-27
Wes Hills,RB,00-0035489,1995-06-05
Kerrith Whyte,RB,00-0035596,1996-10-31
Myles Gaskin,RB,00-0035311,1997-02-15
Ty Johnson,RB,00-0035537,1997-09-17
Justice Hill,RB,00-0034975,1997-11-14
Dalyn Dawkins,RB,00-0034654,1994-12-26
Darrell Henderson,RB,00-0035664,1997-08-19
Patrick Laird,RB,00-0035342,1995-08-17
Darwin Thompson,RB,00-0035148,1997-02-12
Reggie Bonnafon,RB,00-0034578,1996-01-04
Travis Homer,RB,00-0035594,1998-08-07
Ryquell Armstead,RB,00-0035268,1996-10-30
Qadree Ollison,RB,00-0035273,1996-09-08
Damien Harris,RB,00-0035657,1997-02-11
Dontrell Hilliard,RB,00-0034253,1995-02-26
Dexter Williams,RB,00-0034995,1997-01-06
Devine Ozigbo,RB,00-0035184,1996-10-02
D'Ernest Johnson,RB,00-0035628,1996-02-27
Alec Ingold,RB,00-0035125,1996-07-09
Dare Ogunbowale,RB,00-0033854,1994-05-04
Ryan Nall,RB,00-0034597,1995-12-27
Jordan Scarlett,RB,00-0035275,1995-07-08
Buddy Howell,RB,00-0034449,1996-03-27
Danny Vitale,RB,00-0032794,1993-10-26
Andrew Beck,RB,00-0034959,1996-05-15
Diontae Johnson,WR,00-0035216,1996-07-05
Terry McLaurin,WR,00-0035659,1995-09-15
DK Metcalf,WR,00-0035640,1997-12-14
Deebo Samuel,WR,00-0035719,1996-01-15
A.J. Brown,WR,00-0035676,1997-06-30
Hunter Renfrow,WR,00-0034983,1995-12-21
Darius Slayton,WR,00-0035535,1997-01-12
Marquise Brown,WR,00-0035662,1997-06-04
Steven Sims,WR,00-0034928,1997-03-31
Preston Williams,WR,00-0035350,1997-03-27
Bisi Johnson,WR,00-0035006,1997-03-17
Kelvin Harmon,WR,00-0035297,1996-12-15
Greg Ward,WR,00-0033733,1995-07-12
Mecole Hardman,WR,00-0035140,1998-03-12
Jakobi Meyers,WR,00-0034960,1996-11-09
KeeSean Johnson,WR,00-0035287,1996-10-09
Parris Campbell,WR,00-0035639,1997-07-16
Miles Boykin,WR,00-0035703,1996-10-12
Scott Miller,WR,00-0035298,1997-07-31
N'Keal Harry,WR,00-0035624,1997-12-17
Byron Pringle,WR,00-0034297,1993-11-17
Duke Williams,WR,00-0032945,1993-05-13
Christian Blake,WR,00-0034132,1996-06-08
Keelan Doss,WR,00-0035120,1996-03-21
J.J. Arcega-Whiteside,WR,00-0035246,1996-12-31
Andy Isabella,WR,00-0035527,1996-11-18
Damion Willis,WR,00-0035401,1997-06-20
Braxton Berrios,WR,00-0034419,1995-10-06
Deonte Harris,WR,00-0035215,1997-12-04
Andre Patton,WR,00-0033705,1994-05-28
Riley Ridley,WR,00-0035590,1996-07-21
Diontae Spencer,WR,00-0031319,1992-03-19
Deon Cain,WR,00-0034406,1996-08-09
Ced Wilson,WR,00-0034418,1995-03-10
Stanley Morgan,WR,00-0035399,1996-09-07
Olamide Zaccheaus,WR,00-0035208,1997-07-23
C.J. Board,WR,00-0033367,1993-12-12
Fred Brown,WR,00-0033994,1993-12-01
Ashton Dulin,WR,00-0035021,1997-05-15
Rico Gafford,WR,00-0034660,1996-05-23
Alexander Hollins,WR,00-0035104,1996-11-24
Cody Hollister,WR,00-0033386,1993-11-18
Ishmael Hyman,WR,00-0034922,1995-08-23
Steven Mitchell,WR,00-0034081,1994-05-02
Jason Moore,WR,00-0035432,1995-06-23
Gunner Olszewski,WR,00-0035645,1996-11-26
Da'Mari Scott,WR,00-0034256,1995-08-08
Cam Sims,WR,00-0034104,1996-01-06
Michael Walker,WR,00-0035374,1996-10-29
Ventell Bryant,WR,00-0035548,1996-08-24
Rashard Davis,WR,00-0034034,1995-09-14
Robert Davis,WR,00-0033530,1995-04-02
Cyril Grayson,WR,00-0033215,1993-12-05
Krishawn Hogan,WR,00-0033604,1995-05-12
Jaleel Scott,WR,00-0034267,1995-02-23
Darrius Shepherd,WR,00-0035181,1995-11-01
Jeff Smith,WR,00-0035510,1997-04-21
John Ursua,WR,00-0035597,1994-01-17
Travis Fulgham,WR,00-0035592,1995-09-13
Jalen Guyton,WR,00-0035414,1997-06-07
Lil'Jordan Humphrey,WR,00-0035406,1998-04-19
Noah Fant,TE,00-0035644,1997-11-20
Irv Smith,TE,00-0034970,1998-08-09
T.J. Hockenson,TE,00-0035229,1997-07-03
Kaden Smith,TE,00-0034988,1997-04-24
Dawson Knox,TE,00-0035689,1996-11-14
Foster Moreau,TE,00-0034981,1997-05-06
Jaeden Graham,TE,00-0034788,1995-10-10
Hale Hentges,TE,00-0035025,1996-08-19
Jesper Horsted,TE,00-0035562,1997-02-27
Tommy Sweeney,TE,00-0035308,1995-07-01
J.P. Holtz,TE,00-0032986,1993-08-28
Troy Fumagalli,TE,00-0034393,1995-02-17
Ryan Izzo,TE,00-0034439,1995-12-21
Stephen Carlson,TE,00-0035039,1996-12-12
Drew Sample,TE,00-0035631,1996-04-16
Josh Oliver,TE,00-0035249,1997-03-21
Deon Yelder,TE,00-0034319,1995-03-06
Pharaoh Brown,TE,00-0033439,1994-05-04
Tanner Hudson,TE,00-0034613,1994-11-12
Isaac Nauta,TE,00-0035539,1997-05-21
Trevon Wesco,TE,00-0035259,1995-09-12
Zach Gentry,TE,00-0035222,1996-09-10
Charles Jones,TE,00-0035553,1996-08-05
Codey McElroy,TE,00-0034735,1992-12-13
Jace Sternberger,TE,00-0035671,1996-06-26
